type,obs,calc,time
comp,50,99,146
gui,50,99,87
comp,50,99,127
gui,50,99,97
comp,50,99,112
gui,50,99,73
comp,50,99,147
gui,50,99,79
comp,50,99,123
gui,50,99,123
comp,50,99,132
gui,50,99,131
comp,50,99,141
gui,50,99,106
comp,50,99,121
gui,50,99,89
comp,50,99,133
gui,50,99,108
comp,50,99,139
gui,50,99,108
comp,50,99,204
gui,50,99,156
comp,50,99,91
gui,50,99,242
comp,50,99,100
gui,50,99,344
comp,50,99,127
gui,50,99,416
comp,50,99,120
gui,50,99,446
comp,50,99,196
gui,50,99,382
comp,50,99,204
gui,50,99,302
comp,50,99,113
gui,50,99,227
comp,50,99,117
gui,50,99,272
comp,50,99,153
gui,50,99,437
comp,50,99,85
gui,50,99,261
comp,50,99,84
gui,50,99,347
comp,50,99,84
gui,50,99,243
comp,50,99,83
gui,50,99,364
comp,50,99,119
gui,50,99,407
comp,50,99,172
gui,50,99,430
comp,50,99,90
gui,50,99,246
comp,50,99,85
gui,50,99,266
comp,50,99,83
gui,50,99,292
comp,50,99,119
gui,50,99,426
comp,50,99,161
gui,50,99,472
comp,50,99,146
gui,50,99,267
comp,50,99,96
gui,50,99,242
comp,50,99,100
gui,50,99,388
comp,50,99,125
gui,50,99,334
comp,50,99,154
gui,50,99,379
comp,50,99,114
gui,50,99,362
comp,50,99,176
gui,50,99,279
comp,50,99,149
gui,50,99,257
comp,50,99,167
gui,50,99,213
comp,50,99,174
gui,50,99,451
comp,50,99,99
gui,50,99,456
comp,50,99,136
gui,50,99,519
comp,50,99,118
gui,50,99,304
comp,50,99,117
gui,50,99,286
comp,50,99,134
gui,50,99,454
comp,50,99,115
gui,50,99,321
comp,50,99,89
gui,50,99,272
comp,50,99,95
gui,50,99,301
comp,50,99,105
gui,50,99,323
comp,50,99,167
gui,50,99,463
comp,50,99,86
gui,50,99,382
comp,50,99,155
gui,50,99,374
comp,50,99,107
gui,50,99,292
comp,50,99,97
gui,50,99,288
comp,50,99,157
gui,50,99,642
comp,50,99,84
gui,50,99,291
comp,50,99,117
gui,50,99,282
comp,50,99,119
gui,50,99,282
comp,50,99,117
gui,50,99,335
comp,50,99,147
gui,50,99,424
comp,50,99,119
gui,50,99,279
comp,50,99,96
gui,50,99,334
comp,50,99,99
gui,50,99,281
comp,50,99,103
gui,50,99,437
comp,50,99,113
gui,50,99,371
comp,50,99,192
gui,50,99,463
comp,50,99,117
gui,50,99,343
comp,50,99,111
gui,50,99,285
comp,50,99,117
gui,50,99,276
comp,50,99,116
gui,50,99,399
comp,50,99,114
gui,50,99,290
comp,50,99,121
gui,50,99,475
comp,50,99,117
gui,50,99,282
comp,50,99,169
gui,50,99,412
comp,50,99,127
gui,50,99,502
comp,50,99,115
gui,50,99,274
comp,50,99,151
gui,50,99,476
comp,50,99,85
gui,50,99,327
comp,50,99,117
gui,50,99,281
comp,50,99,101
gui,50,99,336
comp,50,99,96
gui,50,99,283
comp,50,99,91
gui,50,99,309
comp,50,99,126
gui,50,99,265
comp,50,99,105
gui,50,99,314
comp,50,99,98
gui,50,99,321
comp,50,99,94
gui,50,99,275
comp,50,99,92
gui,50,99,308
comp,50,99,114
gui,50,99,267
comp,50,99,94
gui,50,99,328
comp,50,99,153
gui,50,99,406
comp,50,99,119
gui,50,99,285
comp,50,99,117
gui,50,99,278
comp,50,99,92
gui,50,99,366
comp,50,99,100
gui,50,99,472
comp,50,99,136
gui,50,99,502
comp,50,99,166
gui,50,99,473
comp,50,99,116
gui,50,99,277
comp,50,99,117
gui,50,99,277
comp,50,99,121
gui,50,99,268
comp,50,99,128
gui,50,99,274
comp,50,99,94
gui,50,99,280
comp,50,99,159
gui,50,99,456
comp,50,99,114
gui,50,99,270
comp,50,99,129
gui,50,99,409
comp,50,99,122
gui,50,99,539
comp,50,99,86
gui,50,99,294
comp,50,99,145
gui,50,99,362
comp,50,99,85
gui,50,99,283
comp,50,99,97
gui,50,99,294
comp,50,99,95
gui,50,99,279
comp,50,99,117
gui,50,99,280
comp,50,99,98
gui,50,99,316
comp,50,99,154
gui,50,99,360
comp,50,99,103
gui,50,99,364
comp,50,99,119
gui,50,99,340
comp,50,99,147
gui,50,99,448
comp,50,99,95
gui,50,99,278
comp,50,99,84
gui,50,99,279
comp,50,99,119
gui,50,99,284
comp,50,99,90
gui,50,99,646
comp,50,99,101
gui,50,99,1822
comp,50,99,101
gui,50,99,403
comp,50,99,113
gui,50,99,405
comp,50,99,97
gui,50,99,355
comp,50,99,83
gui,50,99,286
comp,50,99,138
gui,50,99,471
comp,50,99,121
gui,50,99,377
comp,50,99,152
gui,50,99,407
comp,50,99,117
gui,50,99,328
comp,50,99,95
gui,50,99,286
comp,50,99,171
gui,50,99,506
comp,50,99,176
gui,50,99,578
comp,50,99,135
gui,50,99,532
comp,50,99,126
gui,50,99,401
comp,0,0,13
gui,0,0,77
comp,50,99,156
gui,50,99,337
comp,50,99,137
gui,50,99,464
comp,50,99,116
gui,50,99,614
comp,50,99,101
gui,50,99,475
comp,50,99,101
gui,50,99,469
comp,50,99,130
gui,50,99,373
comp,50,99,117
gui,50,99,291
comp,50,99,120
gui,50,99,745
comp,50,99,146
gui,50,99,371
comp,50,99,119
gui,50,99,495
comp,50,99,103
gui,50,99,386
comp,50,99,135
gui,50,99,343
comp,50,99,91
gui,50,99,265
comp,50,99,119
gui,50,99,507
comp,50,99,86
gui,50,99,346
comp,50,99,149
gui,50,99,498
comp,50,99,177
gui,50,99,451
comp,50,99,89
gui,50,99,275
comp,50,99,142
gui,50,99,262
comp,50,99,127
gui,50,99,297
comp,50,99,221
gui,50,99,618
comp,50,99,132
gui,50,99,275
comp,50,99,167
gui,50,99,619
comp,50,99,116
gui,50,99,287
comp,50,99,93
gui,50,99,286
comp,50,99,135
gui,50,99,466
comp,50,99,184
gui,50,99,494
comp,50,99,119
gui,50,99,580
comp,50,99,121
gui,50,99,467
comp,50,99,94
gui,50,99,280
comp,50,99,85
gui,50,99,303
comp,50,99,92
gui,50,99,431
comp,50,99,98
gui,50,99,338
comp,50,99,247
gui,50,99,747
comp,50,99,82
gui,50,99,273
comp,50,99,110
gui,50,99,395
comp,50,99,164
gui,50,99,461
comp,50,99,100
gui,50,99,355
comp,50,99,100
gui,50,99,394
comp,50,99,125
gui,50,99,265
comp,50,99,97
gui,50,99,293
comp,50,99,91
gui,50,99,277
comp,50,99,142
gui,50,99,491
comp,50,99,85
gui,50,99,323
comp,50,99,99
gui,50,99,317
comp,50,99,91
gui,50,99,278
comp,50,99,119
gui,50,99,485
comp,50,99,94
gui,50,99,291
comp,50,99,207
gui,50,99,272
comp,50,99,94
gui,50,99,397
comp,50,99,116
gui,50,99,289
comp,50,99,118
gui,50,99,289
comp,50,99,96
gui,50,99,310
comp,50,99,168
gui,50,99,273
comp,50,99,173
gui,50,99,476
comp,50,99,94
gui,50,99,286
comp,50,99,95
gui,50,99,287
comp,50,99,84
gui,50,99,298
comp,50,99,96
gui,50,99,289
comp,50,99,96
gui,50,99,282
comp,50,99,99
gui,50,99,509
comp,50,99,112
gui,50,99,398
comp,50,99,118
gui,50,99,272
comp,50,99,110
gui,50,99,315
comp,50,99,114
gui,50,99,268
comp,50,99,133
gui,50,99,460
comp,50,99,95
gui,50,99,281
comp,50,99,181
gui,50,99,471
comp,50,99,117
gui,50,99,292
comp,50,99,124
gui,50,99,270
comp,50,99,106
gui,50,99,473
comp,50,99,119
gui,50,99,283
comp,50,99,141
gui,50,99,397
comp,50,99,180
gui,50,99,392
comp,50,99,92
gui,50,99,277
comp,50,99,117
gui,50,99,277
comp,50,99,98
gui,50,99,266
comp,50,99,140
gui,50,99,360
comp,50,99,119
gui,50,99,278
comp,50,99,138
gui,50,99,356
comp,50,99,119
gui,50,99,512
comp,50,99,167
gui,50,99,482
comp,50,99,83
gui,50,99,286
comp,50,99,93
gui,50,99,287
comp,50,99,137
gui,50,99,457
comp,50,99,125
gui,50,99,471
comp,50,99,114
gui,50,99,263
comp,50,99,125
gui,50,99,328
comp,100,99,104
gui,100,99,291
comp,100,99,202
gui,100,99,481
comp,100,99,141
gui,100,99,485
comp,100,99,113
gui,100,99,443
comp,100,99,104
gui,100,99,305
comp,100,99,132
gui,100,99,355
comp,100,99,127
gui,100,99,401
comp,100,99,176
gui,100,99,477
comp,100,99,113
gui,100,99,584
comp,100,99,138
gui,100,99,487
comp,100,99,141
gui,100,99,328
comp,100,99,146
gui,100,99,465
comp,100,99,153
gui,100,99,546
comp,100,99,169
gui,100,99,348
comp,100,99,229
gui,100,99,810
comp,100,99,112
gui,100,99,322
comp,100,99,138
gui,100,99,358
comp,100,99,116
gui,100,99,327
comp,100,99,133
gui,100,99,483
comp,100,99,117
gui,100,99,338
comp,100,99,220
gui,100,99,598
comp,100,99,113
gui,100,99,327
comp,100,99,150
gui,100,99,582
comp,100,99,138
gui,100,99,338
comp,100,99,146
gui,100,99,330
comp,100,99,185
gui,100,99,432
comp,100,99,234
gui,100,99,745
comp,100,99,109
gui,100,99,323
comp,100,99,136
gui,100,99,364
comp,100,99,209
gui,100,99,573
comp,100,99,152
gui,100,99,342
comp,100,99,117
gui,100,99,394
comp,100,99,139
gui,100,99,356
comp,100,99,122
gui,100,99,431
comp,100,99,169
gui,100,99,373
comp,100,99,130
gui,100,99,334
comp,100,99,145
gui,100,99,332
comp,100,99,124
gui,100,99,349
comp,100,99,216
gui,100,99,451
comp,100,99,135
gui,100,99,430
comp,100,99,152
gui,100,99,314
comp,100,99,137
gui,100,99,353
comp,100,99,140
gui,100,99,427
comp,100,99,117
gui,100,99,343
comp,100,99,126
gui,100,99,487
comp,100,99,104
gui,100,99,353
comp,100,99,110
gui,100,99,350
comp,100,99,128
gui,100,99,395
comp,100,99,134
gui,100,99,323
comp,100,99,113
gui,100,99,317
comp,100,99,208
gui,100,99,604
comp,100,99,220
gui,100,99,604
comp,100,99,108
gui,100,99,346
comp,100,99,215
gui,100,99,562
comp,100,99,128
gui,100,99,316
comp,100,99,112
gui,100,99,371
comp,100,99,204
gui,100,99,602
comp,100,99,208
gui,100,99,620
comp,100,99,198
gui,100,99,637
comp,100,99,137
gui,100,99,560
comp,100,99,133
gui,100,99,492
comp,100,99,199
gui,100,99,574
comp,100,99,172
gui,100,99,602
comp,100,99,226
gui,100,99,432
comp,100,99,110
gui,100,99,317
comp,100,99,170
gui,100,99,618
comp,100,99,137
gui,100,99,403
comp,100,99,114
gui,100,99,359
comp,100,99,117
gui,100,99,428
comp,100,99,142
gui,100,99,368
comp,100,99,113
gui,100,99,386
comp,100,99,130
gui,100,99,526
comp,100,99,146
gui,100,99,561
comp,100,99,126
gui,100,99,496
comp,100,99,115
gui,100,99,375
comp,100,99,187
gui,100,99,631
comp,100,99,109
gui,100,99,311
comp,100,99,109
gui,100,99,310
comp,100,99,150
gui,100,99,353
comp,100,99,148
gui,100,99,562
comp,100,99,145
gui,100,99,454
comp,100,99,163
gui,100,99,639
comp,100,99,134
gui,100,99,363
comp,100,99,118
gui,100,99,443
comp,100,99,109
gui,100,99,518
comp,100,99,147
gui,100,99,538
comp,100,99,149
gui,100,99,562
comp,100,99,161
gui,100,99,536
comp,100,99,114
gui,100,99,531
comp,100,99,147
gui,100,99,630
comp,100,99,146
gui,100,99,329
comp,100,99,131
gui,100,99,494
comp,100,99,106
gui,100,99,360
comp,100,99,126
gui,100,99,475
comp,100,99,112
gui,100,99,331
comp,100,99,126
gui,100,99,603
comp,100,99,113
gui,100,99,330
comp,100,99,115
gui,100,99,328
comp,100,99,132
gui,100,99,554
comp,100,99,162
gui,100,99,618
comp,100,99,108
gui,100,99,336
comp,100,99,141
gui,100,99,578
comp,100,99,133
gui,100,99,567
comp,100,99,115
gui,100,99,337
comp,100,99,105
gui,100,99,428
comp,100,99,146
gui,100,99,586
comp,100,99,154
gui,100,99,362
comp,100,99,120
gui,100,99,349
comp,100,99,116
gui,100,99,335
comp,100,99,172
gui,100,99,601
comp,100,99,170
gui,100,99,577
comp,100,99,226
gui,100,99,708
comp,100,99,274
gui,100,99,793
comp,100,99,147
gui,100,99,572
comp,100,99,140
gui,100,99,343
comp,100,99,107
gui,100,99,333
comp,100,99,240
gui,100,99,587
comp,100,99,104
gui,100,99,500
comp,100,99,126
gui,100,99,433
comp,100,99,119
gui,100,99,363
comp,100,99,171
gui,100,99,752
comp,100,99,132
gui,100,99,333
comp,100,99,206
gui,100,99,654
comp,100,99,179
gui,100,99,615
comp,100,99,137
gui,100,99,394
comp,100,99,136
gui,100,99,396
comp,100,99,126
gui,100,99,357
comp,100,99,188
gui,100,99,544
comp,100,99,176
gui,100,99,534
comp,100,99,199
gui,100,99,821
comp,100,99,113
gui,100,99,338
comp,100,99,150
gui,100,99,579
comp,100,99,127
gui,100,99,499
comp,100,99,195
gui,100,99,674
comp,100,99,214
gui,100,99,681
comp,100,99,120
gui,100,99,353
comp,100,99,126
gui,100,99,484
comp,100,99,151
gui,100,99,341
comp,100,99,217
gui,100,99,762
comp,100,99,105
gui,100,99,356
comp,100,99,210
gui,100,99,753
comp,100,99,152
gui,100,99,691
comp,100,99,199
gui,100,99,615
comp,100,99,129
gui,100,99,448
comp,100,99,128
gui,100,99,540
comp,100,99,198
gui,100,99,672
comp,100,99,133
gui,100,99,618
comp,100,99,114
gui,100,99,355
comp,100,99,151
gui,100,99,338
comp,100,99,186
gui,100,99,499
comp,100,99,112
gui,100,99,347
comp,100,99,107
gui,100,99,563
comp,100,99,148
gui,100,99,589
comp,100,99,178
gui,100,99,1725
comp,100,99,118
gui,100,99,367
comp,100,99,148
gui,100,99,589
comp,100,99,110
gui,100,99,372
comp,100,99,103
gui,100,99,351
comp,100,99,137
gui,100,99,476
comp,100,99,146
gui,100,99,549
comp,100,99,114
gui,100,99,357
comp,100,99,130
gui,100,99,359
comp,100,99,127
gui,100,99,587
comp,100,99,145
gui,100,99,594
comp,100,99,104
gui,100,99,346
comp,100,99,138
gui,100,99,688
comp,100,99,112
gui,100,99,344
comp,100,99,117
gui,100,99,381
comp,100,99,156
gui,100,99,359
comp,100,99,167
gui,100,99,565
comp,100,99,110
gui,100,99,351
comp,100,99,105
gui,100,99,347
comp,100,99,103
gui,100,99,525
comp,100,99,254
gui,100,99,687
comp,100,99,139
gui,100,99,360
comp,100,99,137
gui,100,99,358
comp,100,99,112
gui,100,99,622
comp,100,99,138
gui,100,99,333
comp,100,99,125
gui,100,99,502
comp,100,99,157
gui,100,99,883
comp,100,99,127
gui,100,99,505
comp,100,99,141
gui,100,99,334
comp,100,99,147
gui,100,99,585
comp,100,99,140
gui,100,99,329
comp,100,99,149
gui,100,99,414
comp,100,99,128
gui,100,99,442
comp,100,99,113
gui,100,99,330
comp,100,99,114
gui,100,99,348
comp,100,99,201
gui,100,99,585
comp,100,99,153
gui,100,99,579
comp,100,99,147
gui,100,99,572
comp,100,99,150
gui,100,99,344
comp,100,99,114
gui,100,99,327
comp,100,99,145
gui,100,99,332
comp,100,99,140
gui,100,99,331
comp,100,99,153
gui,100,99,332
comp,100,99,137
gui,100,99,351
comp,100,99,171
gui,100,99,617
comp,100,99,146
gui,100,99,624
comp,100,99,176
gui,100,99,529
comp,100,99,186
gui,100,99,3049
comp,100,99,200
gui,100,99,611
comp,100,99,304
gui,100,99,696
comp,100,99,127
gui,100,99,619
comp,100,99,150
gui,100,99,604
comp,100,99,160
gui,100,99,665
comp,100,99,140
gui,100,99,548
comp,100,99,153
gui,100,99,827
comp,100,99,104
gui,100,99,351
comp,100,99,117
gui,100,99,544
comp,100,99,139
gui,100,99,473
comp,100,99,166
gui,100,99,665
comp,100,99,152
gui,100,99,663
comp,100,99,163
gui,100,99,346
comp,100,99,113
gui,100,99,341
comp,100,99,187
gui,100,99,777
comp,100,99,139
gui,100,99,382
comp,100,99,149
gui,100,99,520
comp,100,99,111
gui,100,99,358
comp,100,99,107
gui,100,99,355
comp,100,99,150
gui,100,99,638
comp,100,99,221
gui,100,99,862
comp,100,99,113
gui,100,99,776
comp,100,99,147
gui,100,99,350
comp,100,99,111
gui,100,99,348
comp,100,99,110
gui,100,99,394
comp,100,99,108
gui,100,99,735
comp,100,99,147
gui,100,99,522
comp,100,99,112
gui,100,99,386
comp,100,99,134
gui,100,99,433
comp,100,99,142
gui,100,99,375
comp,100,99,149
gui,100,99,621
comp,100,99,103
gui,100,99,485
comp,100,99,155
gui,100,99,381
comp,100,99,151
gui,100,99,779
comp,100,99,120
gui,100,99,386
comp,100,99,115
gui,100,99,347
comp,100,99,108
gui,100,99,368
comp,100,99,139
gui,100,99,493
comp,100,99,104
gui,100,99,452
comp,100,99,131
gui,100,99,499
comp,100,99,129
gui,100,99,445
comp,100,99,104
gui,100,99,376
comp,100,99,111
gui,100,99,324
comp,100,99,110
gui,100,99,440
comp,100,99,228
gui,100,99,623
comp,100,99,146
gui,100,99,638
comp,100,99,127
gui,100,99,505
comp,100,99,116
gui,100,99,357
comp,100,99,114
gui,100,99,347
comp,100,99,115
gui,100,99,422
comp,100,99,120
gui,100,99,340
comp,100,99,116
gui,100,99,378
comp,100,99,135
gui,100,99,350
comp,100,99,117
gui,100,99,343
comp,100,99,115
gui,100,99,348
comp,100,99,188
gui,100,99,406
comp,100,99,146
gui,100,99,771
comp,100,99,136
gui,100,99,357
comp,100,99,136
gui,100,99,323
comp,100,99,207
gui,100,99,543
comp,100,99,198
gui,100,99,576
comp,100,99,207
gui,100,99,637
comp,100,99,137
gui,100,99,344
comp,100,99,170
gui,100,99,608
comp,100,99,117
gui,100,99,372
comp,100,99,113
gui,100,99,341
comp,100,99,176
gui,100,99,633
comp,100,99,149
gui,100,99,628
comp,100,99,114
gui,100,99,326
comp,100,99,112
gui,100,99,321
comp,100,99,202
gui,100,99,565
comp,100,99,203
gui,100,99,536
comp,100,99,178
gui,100,99,624
comp,100,99,206
gui,100,99,486
comp,100,99,106
gui,100,99,343
comp,100,99,129
gui,100,99,422
comp,100,99,139
gui,100,99,318
comp,100,99,116
gui,100,99,330
comp,100,99,131
gui,100,99,349
comp,100,99,146
gui,100,99,402
comp,100,99,113
gui,100,99,338
comp,100,99,135
gui,100,99,367
comp,100,99,137
gui,100,99,360
comp,100,99,177
gui,100,99,344
comp,100,99,103
gui,100,99,325
comp,100,99,227
gui,100,99,451
comp,100,56,104
gui,100,56,335
comp,100,56,119
gui,100,56,302
comp,100,56,131
gui,100,56,320
comp,100,56,106
gui,100,56,337
comp,100,56,176
gui,100,56,685
comp,100,56,140
gui,100,56,591
comp,100,56,141
gui,100,56,298
comp,100,56,88
gui,100,56,408
comp,100,56,102
gui,100,56,315
comp,100,56,112
gui,100,56,320
comp,100,56,162
gui,100,56,526
comp,100,56,130
gui,100,56,296
comp,100,56,119
gui,100,56,338
comp,100,56,162
gui,100,56,493
comp,100,56,118
gui,100,56,324
comp,100,56,195
gui,100,56,630
comp,100,56,171
gui,100,56,418
comp,100,56,103
gui,100,56,524
comp,100,56,120
gui,100,56,530
comp,100,56,85
gui,100,56,337
comp,100,56,91
gui,100,56,332
comp,100,56,118
gui,100,56,575
comp,100,56,119
gui,100,56,321
comp,100,56,93
gui,100,56,313
comp,100,56,91
gui,100,56,296
comp,100,56,120
gui,100,56,511
comp,100,56,159
gui,100,56,667
comp,100,56,155
gui,100,56,392
comp,100,56,160
gui,100,56,680
comp,100,56,95
gui,100,56,319
comp,100,56,99
gui,100,56,313
comp,100,56,98
gui,100,56,321
comp,100,56,120
gui,100,56,574
comp,100,56,152
gui,100,56,576
comp,100,56,123
gui,100,56,438
comp,100,56,96
gui,100,56,312
comp,100,56,94
gui,100,56,321
comp,100,56,94
gui,100,56,316
comp,100,56,93
gui,100,56,320
comp,100,56,118
gui,100,56,304
comp,100,56,118
gui,100,56,333
comp,100,56,118
gui,100,56,317
comp,100,56,117
gui,100,56,308
comp,100,56,125
gui,100,56,317
comp,100,56,193
gui,100,56,413
comp,100,56,113
gui,100,56,421
comp,100,56,116
gui,100,56,291
comp,100,56,120
gui,100,56,367
comp,100,56,100
gui,100,56,350
comp,100,56,120
gui,100,56,548
comp,100,56,126
gui,100,56,538
comp,100,56,141
gui,100,56,692
comp,100,56,119
gui,100,56,402
comp,100,56,84
gui,100,56,341
comp,100,56,97
gui,100,56,355
comp,100,56,197
gui,100,56,670
comp,100,56,161
gui,100,56,408
comp,100,56,91
gui,100,56,291
comp,100,56,116
gui,100,56,370
comp,100,56,144
gui,100,56,680
comp,100,56,127
gui,100,56,448
comp,100,56,139
gui,100,56,562
comp,100,56,172
gui,100,56,620
comp,100,56,119
gui,100,56,514
comp,100,56,93
gui,100,56,305
comp,100,56,139
gui,100,56,533
comp,100,56,119
gui,100,56,504
comp,100,56,115
gui,100,56,376
comp,100,56,93
gui,100,56,506
comp,100,56,121
gui,100,56,494
comp,100,56,95
gui,100,56,492
comp,100,56,96
gui,100,56,336
comp,100,56,123
gui,100,56,541
comp,100,56,120
gui,100,56,326
comp,100,56,95
gui,100,56,302
comp,200,56,184
gui,200,56,547
comp,200,56,169
gui,200,56,435
comp,200,56,181
gui,200,56,404
comp,200,56,183
gui,200,56,617
comp,200,56,151
gui,200,56,403
comp,200,56,158
gui,200,56,427
comp,200,56,186
gui,200,56,735
comp,200,56,146
gui,200,56,495
comp,200,56,147
gui,200,56,972
comp,200,56,175
gui,200,56,754
comp,200,56,133
gui,200,56,432
comp,200,56,141
gui,200,56,409
comp,200,56,130
gui,200,56,434
comp,200,56,133
gui,200,56,494
comp,200,56,130
gui,200,56,472
comp,200,56,201
gui,200,56,487
comp,200,56,199
gui,200,56,764
comp,200,56,183
gui,200,56,561
comp,200,56,190
gui,200,56,947
comp,200,56,186
gui,200,56,1497
comp,200,56,183
gui,200,56,487
comp,200,56,174
gui,200,56,497
comp,200,56,183
gui,200,56,784
comp,200,56,164
gui,200,56,779
comp,200,56,163
gui,200,56,587
comp,200,56,170
gui,200,56,716
comp,200,56,134
gui,200,56,452
comp,200,56,141
gui,200,56,448
comp,200,56,187
gui,200,56,439
comp,200,56,143
gui,200,56,456
comp,200,56,156
gui,200,56,616
comp,200,56,242
gui,200,56,487
comp,200,56,176
gui,200,56,451
comp,200,56,206
gui,200,56,797
comp,200,56,191
gui,200,56,722
comp,200,56,165
gui,200,56,458
comp,200,56,215
gui,200,56,842
comp,200,56,176
gui,200,56,686
comp,200,56,133
gui,200,56,514
comp,200,56,264
gui,200,56,816
comp,200,56,160
gui,200,56,447
comp,200,56,163
gui,200,56,461
comp,200,56,159
gui,200,56,432
comp,200,56,211
gui,200,56,784
comp,200,56,224
gui,200,56,715
comp,200,56,134
gui,200,56,541
comp,200,56,130
gui,200,56,686
comp,200,56,216
gui,200,56,852
comp,200,56,134
gui,200,56,488
comp,200,56,174
gui,200,56,644
comp,200,56,254
gui,200,56,773
comp,200,56,201
gui,200,56,879
comp,200,56,220
gui,200,56,856
comp,200,56,221
gui,200,56,792
comp,200,56,146
gui,200,56,502
comp,200,56,179
gui,200,56,658
comp,200,56,255
gui,200,56,832
comp,200,56,216
gui,200,56,879
comp,200,56,268
gui,200,56,1142
comp,200,56,185
gui,200,56,779
comp,200,56,161
gui,200,56,645
comp,200,56,129
gui,200,56,457
comp,200,56,296
gui,200,56,861
comp,200,56,176
gui,200,56,519
comp,200,56,188
gui,200,56,455
comp,200,56,142
gui,200,56,471
comp,200,56,187
gui,200,56,631
comp,200,56,160
gui,200,56,824
comp,200,56,193
gui,200,56,565
comp,200,56,163
gui,200,56,810
comp,200,56,145
gui,200,56,488
comp,200,56,147
gui,200,56,427
comp,200,56,208
gui,200,56,813
comp,200,56,137
gui,200,56,548
comp,200,56,137
gui,200,56,486
comp,200,56,244
gui,200,56,971
comp,200,56,143
gui,200,56,449
comp,200,56,132
gui,200,56,436
comp,200,56,202
gui,200,56,836
comp,200,56,184
gui,200,56,767
comp,200,56,215
gui,200,56,855
comp,200,56,235
gui,200,56,514
comp,200,56,210
gui,200,56,593
comp,200,56,133
gui,200,56,485
comp,200,56,188
gui,200,56,731
comp,200,56,186
gui,200,56,772
comp,200,56,158
gui,200,56,503
comp,200,56,887
gui,200,56,774
comp,200,56,186
gui,200,56,710
comp,200,56,161
gui,200,56,532
comp,200,56,137
gui,200,56,519
comp,200,56,147
gui,200,56,481
comp,200,56,141
gui,200,56,464
comp,200,56,188
gui,200,56,773
comp,200,56,185
gui,200,56,1376
comp,200,56,159
gui,200,56,479
comp,200,56,135
gui,200,56,438
comp,200,56,243
gui,200,56,765
comp,200,56,134
gui,200,56,493
comp,200,56,135
gui,200,56,399
comp,200,56,193
gui,200,56,720
comp,200,56,192
gui,200,56,453
comp,200,56,146
gui,200,56,420
comp,200,56,146
gui,200,56,484
comp,200,56,158
gui,200,56,566
comp,200,56,160
gui,200,56,441
comp,200,56,158
gui,200,56,450
comp,200,56,166
gui,200,56,494
comp,200,56,223
gui,200,56,731
comp,200,56,218
gui,200,56,940
comp,200,56,224
gui,200,56,873
comp,200,56,164
gui,200,56,421
comp,200,56,218
gui,200,56,835
comp,200,56,141
gui,200,56,500
comp,200,56,194
gui,200,56,712
comp,200,56,142
gui,200,56,489
comp,200,56,170
gui,200,56,544
comp,200,56,131
gui,200,56,499
comp,200,56,215
gui,200,56,777
comp,200,56,243
gui,200,56,860
comp,200,56,167
gui,200,56,466
comp,200,56,191
gui,200,56,870
comp,200,56,305
gui,200,56,920
comp,200,56,161
gui,200,56,804
comp,200,56,216
gui,200,56,836
comp,200,56,174
gui,200,56,480
comp,200,56,163
gui,200,56,446
comp,200,56,244
gui,200,56,803
comp,200,56,139
gui,200,56,434
comp,200,56,159
gui,200,56,684
comp,200,56,180
gui,200,56,574
comp,200,56,158
gui,200,56,508
comp,200,56,183
gui,200,56,708
comp,200,56,150
gui,200,56,505
comp,200,56,163
gui,200,56,602
comp,200,56,138
gui,200,56,538
comp,200,56,230
gui,200,56,779
comp,200,56,177
gui,200,56,455
comp,200,56,130
gui,200,56,478
comp,200,56,188
gui,200,56,432
comp,200,56,183
gui,200,56,786
comp,200,56,163
gui,200,56,523
comp,200,56,211
gui,200,56,753
comp,200,56,285
gui,200,56,931
comp,200,56,244
gui,200,56,785
comp,200,56,174
gui,200,56,667
comp,200,56,254
gui,200,56,608
comp,200,56,254
gui,200,56,865
comp,200,56,233
gui,200,56,869
comp,200,56,202
gui,200,56,866
comp,200,56,180
gui,200,56,434
comp,200,56,163
gui,200,56,472
comp,200,56,170
gui,200,56,494
comp,200,56,272
gui,200,56,839
comp,200,56,145
gui,200,56,476
comp,200,56,175
gui,200,56,448
comp,200,56,243
gui,200,56,816
comp,200,56,310
gui,200,56,807
comp,200,56,160
gui,200,56,632
comp,200,56,132
gui,200,56,477
comp,200,56,173
gui,200,56,719
comp,200,56,164
gui,200,56,481
comp,200,56,158
gui,200,56,445
comp,200,56,145
gui,200,56,487
comp,200,56,209
gui,200,56,783
comp,200,56,219
gui,200,56,579
comp,200,56,137
gui,200,56,426
comp,200,56,143
gui,200,56,479
comp,200,56,154
gui,200,56,476
comp,200,56,131
gui,200,56,473
comp,200,56,211
gui,200,56,807
comp,200,56,217
gui,200,56,856
comp,300,56,204
gui,300,56,992
comp,300,56,279
gui,300,56,808
comp,300,56,263
gui,300,56,772
comp,300,56,249
gui,300,56,773
comp,300,56,275
gui,300,56,801
comp,300,56,333
gui,300,56,651
comp,300,56,258
gui,300,56,1272
comp,300,56,229
gui,300,56,466
comp,300,56,347
gui,300,56,844
comp,300,56,229
gui,300,56,656
comp,300,56,330
gui,300,56,699
comp,300,56,289
gui,300,56,647
comp,300,56,189
gui,300,56,506
comp,300,56,251
gui,300,56,541
comp,300,56,250
gui,300,56,483
comp,300,56,190
gui,300,56,564
comp,300,56,295
gui,300,56,805
comp,300,56,334
gui,300,56,973
comp,300,56,292
gui,300,56,1078
comp,300,56,277
gui,300,56,919
comp,300,56,317
gui,300,56,899
comp,300,56,224
gui,300,56,519
comp,300,56,309
gui,300,56,848
comp,300,56,194
gui,300,56,516
comp,300,56,178
gui,300,56,656
comp,300,56,319
gui,300,56,1014
comp,300,56,330
gui,300,56,1018
comp,300,56,188
gui,300,56,512
comp,300,56,332
gui,300,56,993
comp,300,56,270
gui,300,56,745
comp,300,56,264
gui,300,56,896
comp,300,56,207
gui,300,56,566
comp,300,56,216
gui,300,56,489
comp,300,56,288
gui,300,56,814
comp,300,56,240
gui,300,56,804
comp,300,56,227
gui,300,56,624
comp,300,56,206
gui,300,56,547
comp,300,56,177
gui,300,56,777
comp,300,56,200
gui,300,56,474
comp,300,56,216
gui,300,56,703
comp,300,56,344
gui,300,56,986
comp,300,56,332
gui,300,56,999
comp,300,56,232
gui,300,56,497
comp,300,56,218
gui,300,56,782
comp,300,56,215
gui,300,56,606
comp,300,56,327
gui,300,56,930
comp,300,56,330
gui,300,56,1020
comp,300,56,255
gui,300,56,983
comp,300,56,183
gui,300,56,513
comp,300,56,208
gui,300,56,546
comp,300,56,208
gui,300,56,522
comp,300,56,297
gui,300,56,873
comp,300,56,364
gui,300,56,1007
comp,300,56,193
gui,300,56,537
comp,300,56,290
gui,300,56,982
comp,300,56,209
gui,300,56,543
comp,300,56,208
gui,300,56,478
comp,300,56,330
gui,300,56,1101
comp,300,56,240
gui,300,56,915
comp,300,56,315
gui,300,56,1395
comp,300,56,273
gui,300,56,992
comp,300,56,294
gui,300,56,1038
comp,300,56,177
gui,300,56,718
comp,300,56,292
gui,300,56,968
comp,300,56,389
gui,300,56,1268
comp,300,56,212
gui,300,56,513
comp,300,56,223
gui,300,56,511
comp,300,56,191
gui,300,56,730
comp,300,56,223
gui,300,56,502
comp,300,56,251
gui,300,56,904
comp,300,56,214
gui,300,56,587
comp,300,56,206
gui,300,56,591
comp,300,56,254
gui,300,56,887
comp,300,56,223
gui,300,56,521
comp,300,56,220
gui,300,56,517
comp,300,56,223
gui,300,56,524
comp,300,56,291
gui,300,56,952
comp,300,56,179
gui,300,56,523
comp,300,56,204
gui,300,56,498
comp,300,56,207
gui,300,56,514
comp,300,56,219
gui,300,56,479
comp,300,56,219
gui,300,56,517
comp,300,56,245
gui,300,56,595
comp,300,56,207
gui,300,56,522
comp,300,56,288
gui,300,56,908
comp,300,56,250
gui,300,56,665
comp,300,56,209
gui,300,56,486
comp,300,56,296
gui,300,56,904
comp,300,56,322
gui,300,56,1183
comp,300,56,181
gui,300,56,531
comp,300,56,208
gui,300,56,695
comp,300,56,287
gui,300,56,886
comp,300,56,192
gui,300,56,864
comp,300,56,202
gui,300,56,570
comp,300,56,177
gui,300,56,559
comp,300,56,177
gui,300,56,547
comp,300,56,176
gui,300,56,547
comp,300,56,442
gui,300,56,1086
comp,300,56,181
gui,300,56,524
comp,300,56,359
gui,300,56,921
comp,300,56,268
gui,300,56,650
comp,300,56,233
gui,300,56,806
comp,300,56,210
gui,300,56,528
comp,300,56,208
gui,300,56,519
comp,300,56,218
gui,300,56,861
comp,300,56,176
gui,300,56,492
comp,300,56,180
gui,300,56,556
comp,300,56,216
gui,300,56,655
comp,300,56,287
gui,300,56,847
comp,300,56,218
gui,300,56,506
comp,300,56,218
gui,300,56,889
comp,300,56,227
gui,300,56,489
comp,300,56,227
gui,300,56,942
comp,300,56,250
gui,300,56,898
comp,300,56,273
gui,300,56,861
comp,300,56,208
gui,300,56,525
comp,300,56,205
gui,300,56,902
comp,300,56,195
gui,300,56,908
comp,300,56,195
gui,300,56,785
comp,300,56,226
gui,300,56,512
comp,300,56,210
gui,300,56,521
comp,300,56,231
gui,300,56,480
comp,300,56,279
gui,300,56,942
comp,300,56,185
gui,300,56,485
comp,300,56,327
gui,300,56,911
comp,300,56,187
gui,300,56,510
comp,300,56,190
gui,300,56,495
comp,300,56,181
gui,300,56,726
comp,300,56,222
gui,300,56,531
comp,300,56,249
gui,300,56,954
comp,300,56,221
gui,300,56,506
comp,300,56,288
gui,300,56,818
comp,300,56,224
gui,300,56,880
comp,300,56,324
gui,300,56,571
comp,300,56,224
gui,300,56,523
comp,300,56,227
gui,300,56,594
comp,300,56,179
gui,300,56,497
comp,300,56,222
gui,300,56,1018
comp,300,56,214
gui,300,56,707
comp,300,56,254
gui,300,56,849
comp,300,56,217
gui,300,56,490
comp,300,56,225
gui,300,56,773
comp,300,56,177
gui,300,56,650
comp,300,56,234
gui,300,56,492
comp,300,56,219
gui,300,56,515
comp,300,56,177
gui,300,56,512
comp,300,56,208
gui,300,56,500
comp,300,56,224
gui,300,56,604
comp,300,56,265
gui,300,56,562
comp,300,56,248
gui,300,56,884
comp,300,56,233
gui,300,56,496
comp,300,56,188
gui,300,56,493
comp,300,56,231
gui,300,56,907
comp,300,56,255
gui,300,56,884
comp,300,56,228
gui,300,56,816
comp,300,56,278
gui,300,56,945
comp,300,56,180
gui,300,56,488
comp,300,56,277
gui,300,56,938
comp,300,56,258
gui,300,56,891
comp,300,56,232
gui,300,56,600
comp,300,56,218
gui,300,56,586
comp,300,56,205
gui,300,56,512
comp,300,56,289
gui,300,56,944
comp,300,56,269
gui,300,56,925
comp,300,56,308
gui,300,56,783
comp,300,56,206
gui,300,56,497
comp,300,56,206
gui,300,56,517
comp,300,56,177
gui,300,56,510
comp,300,56,208
gui,300,56,514
comp,300,56,193
gui,300,56,496
comp,300,56,202
gui,300,56,694
comp,300,56,232
gui,300,56,591
comp,300,56,212
gui,300,56,639
comp,300,56,286
gui,300,56,899
comp,300,56,207
gui,300,56,534
comp,300,56,274
gui,300,56,741
comp,300,56,384
gui,300,56,1064
comp,300,56,177
gui,300,56,522
comp,300,56,251
gui,300,56,1302
comp,300,56,261
gui,300,56,627
comp,300,56,184
gui,300,56,586
comp,300,56,210
gui,300,56,540
comp,300,56,272
gui,300,56,957
comp,300,56,189
gui,300,56,740
comp,300,56,270
gui,300,56,519
comp,300,56,205
gui,300,56,556
comp,300,56,184
gui,300,56,540
comp,300,56,195
gui,300,56,551
comp,400,56,387
gui,400,56,426
comp,400,56,281
gui,400,56,779
comp,400,56,286
gui,400,56,544
comp,400,56,313
gui,400,56,613
comp,400,56,252
gui,400,56,587
comp,400,56,280
gui,400,56,558
comp,400,56,441
gui,400,56,1197
comp,400,56,327
gui,400,56,1478
comp,400,56,277
gui,400,56,1113
comp,400,56,420
gui,400,56,877
comp,400,56,369
gui,400,56,840
comp,400,56,405
gui,400,56,1316
comp,400,56,296
gui,400,56,788
comp,400,56,235
gui,400,56,829
comp,400,56,268
gui,400,56,614
comp,400,56,391
gui,400,56,1225
comp,400,56,233
gui,400,56,823
comp,400,56,469
gui,400,56,1166
comp,400,56,232
gui,400,56,668
comp,400,56,313
gui,400,56,1105
comp,400,56,274
gui,400,56,664
comp,400,56,252
gui,400,56,644
comp,400,56,252
gui,400,56,692
comp,400,56,374
gui,400,56,1294
comp,400,56,233
gui,400,56,697
comp,400,56,254
gui,400,56,692
comp,400,56,234
gui,400,56,820
comp,400,56,236
gui,400,56,663
comp,400,56,393
gui,400,56,1334
comp,400,56,267
gui,400,56,727
comp,400,56,409
gui,400,56,1442
comp,400,56,223
gui,400,56,834
comp,400,56,372
gui,400,56,1291
comp,400,56,280
gui,400,56,742
comp,400,56,243
gui,400,56,706
comp,400,56,372
gui,400,56,1174
comp,400,56,373
gui,400,56,1230
comp,400,56,234
gui,400,56,698
comp,400,56,224
gui,400,56,685
comp,400,56,251
gui,400,56,651
comp,400,56,316
gui,400,56,1176
comp,400,56,268
gui,400,56,698
comp,400,56,231
gui,400,56,896
comp,400,56,267
gui,400,56,649
comp,400,56,301
gui,400,56,1258
comp,400,56,247
gui,400,56,661
comp,400,56,394
gui,400,56,1229
comp,400,56,240
gui,400,56,659
comp,400,56,394
gui,400,56,821
comp,400,56,253
gui,400,56,685
comp,400,56,222
gui,400,56,661
comp,400,56,253
gui,400,56,659
comp,400,56,341
gui,400,56,1183
comp,400,56,409
gui,400,56,1326
comp,400,56,424
gui,400,56,1332
comp,400,56,226
gui,400,56,668
comp,400,56,222
gui,400,56,714
comp,400,56,223
gui,400,56,691
comp,400,56,223
gui,400,56,825
comp,400,56,378
gui,400,56,941
comp,400,56,320
gui,400,56,1232
comp,400,56,309
gui,400,56,1233
comp,400,56,312
gui,400,56,1238
comp,400,56,224
gui,400,56,691
comp,400,56,402
gui,400,56,1263
comp,400,56,409
gui,400,56,1326
comp,400,56,411
gui,400,56,1380
comp,400,56,257
gui,400,56,917
comp,400,56,302
gui,400,56,1359
comp,400,56,236
gui,400,56,725
comp,400,56,389
gui,400,56,1240
comp,400,56,343
gui,400,56,1295
comp,400,56,342
gui,400,56,1195
comp,400,56,268
gui,400,56,767
comp,400,56,223
gui,400,56,741
comp,400,56,271
gui,400,56,778
comp,400,56,386
gui,400,56,713
comp,400,56,343
gui,400,56,882
comp,400,56,341
gui,400,56,1376
comp,400,56,360
gui,400,56,1263
comp,400,56,235
gui,400,56,713
comp,400,56,240
gui,400,56,1259
comp,400,56,358
gui,400,56,1392
comp,400,56,334
gui,400,56,1389
comp,400,56,1742
gui,400,56,1313
comp,400,56,405
gui,400,56,1270
comp,400,56,256
gui,400,56,923
comp,400,56,231
gui,400,56,925
comp,400,56,251
gui,400,56,775
comp,400,56,256
gui,400,56,787
comp,400,56,226
gui,400,56,817
comp,400,56,359
gui,400,56,1312
comp,400,56,224
gui,400,56,696
comp,400,56,337
gui,400,56,1291
comp,400,56,319
gui,400,56,1341
comp,400,56,540
gui,400,56,1292
comp,400,56,326
gui,400,56,1390
comp,400,56,420
gui,400,56,1315
comp,400,56,396
gui,400,56,1167
comp,400,56,393
gui,400,56,1282
comp,400,56,285
gui,400,56,1176
comp,400,56,415
gui,400,56,1410
comp,400,56,234
gui,400,56,724
comp,400,56,343
gui,400,56,1257
comp,400,56,226
gui,400,56,985
comp,400,56,315
gui,400,56,1319
comp,400,56,406
gui,400,56,1316
comp,400,56,293
gui,400,56,802
comp,400,56,309
gui,400,56,927
comp,400,56,233
gui,400,56,689
comp,400,56,286
gui,400,56,1217
comp,400,56,411
gui,400,56,1297
comp,400,56,227
gui,400,56,764
comp,400,56,250
gui,400,56,903
comp,400,56,252
gui,400,56,708
comp,400,56,362
gui,400,56,1250
comp,400,56,252
gui,400,56,684
comp,400,56,223
gui,400,56,1127
comp,400,56,341
gui,400,56,926
comp,400,56,296
gui,400,56,1181
comp,400,56,266
gui,400,56,706
comp,400,56,225
gui,400,56,1022
comp,400,56,224
gui,400,56,737
comp,400,56,275
gui,400,56,810
comp,400,56,461
gui,400,56,1648
comp,400,56,252
gui,400,56,685
comp,400,56,270
gui,400,56,806
comp,400,56,237
gui,400,56,682
comp,400,56,261
gui,400,56,634
comp,400,56,349
gui,400,56,1125
comp,400,56,267
gui,400,56,801
comp,400,56,262
gui,400,56,773
comp,400,56,250
gui,400,56,699
comp,400,56,357
gui,400,56,1069
comp,400,56,357
gui,400,56,667
comp,400,56,293
gui,400,56,820
comp,400,56,294
gui,400,56,935
comp,400,56,224
gui,400,56,663
comp,400,56,227
gui,400,56,742
comp,400,56,232
gui,400,56,864
comp,400,56,313
gui,400,56,1103
comp,400,56,332
gui,400,56,883
comp,400,56,263
gui,400,56,834
comp,400,56,267
gui,400,56,674
comp,400,56,259
gui,400,56,645
comp,400,56,251
gui,400,56,651
comp,400,56,271
gui,400,56,704
comp,400,56,228
gui,400,56,752
comp,400,56,225
gui,400,56,1147
comp,400,56,255
gui,400,56,689
comp,400,56,264
gui,400,56,685
comp,400,56,388
gui,400,56,1164
comp,400,56,245
gui,400,56,683
comp,400,56,255
gui,400,56,828
comp,400,56,251
gui,400,56,887
comp,400,56,288
gui,400,56,1383
comp,400,56,254
gui,400,56,682
comp,400,56,277
gui,400,56,822
comp,400,56,311
gui,400,56,1205
comp,400,56,229
gui,400,56,750
comp,400,56,292
gui,400,56,905
comp,400,56,263
gui,400,56,687
comp,400,56,319
gui,400,56,1303
comp,400,56,272
gui,400,56,1101
comp,400,56,249
gui,400,56,669
comp,400,56,282
gui,400,56,849
comp,400,56,272
gui,400,56,1327
comp,400,56,333
gui,400,56,1021
comp,400,56,227
gui,400,56,707
comp,400,56,274
gui,400,56,713
comp,400,56,267
gui,400,56,665
comp,400,56,270
gui,400,56,809
comp,400,56,297
gui,400,56,675
comp,400,56,232
gui,400,56,693
comp,400,56,233
gui,400,56,712
comp,400,56,225
gui,400,56,695
comp,400,56,241
gui,400,56,649
comp,400,56,230
gui,400,56,715
comp,400,56,410
gui,400,56,768
comp,400,56,249
gui,400,56,705
comp,400,56,256
gui,400,56,673
comp,400,56,265
gui,400,56,691
comp,400,56,273
gui,400,56,812
comp,400,56,287
gui,400,56,706
comp,400,56,350
gui,400,56,1367
comp,400,56,347
gui,400,56,1298
comp,400,56,339
gui,400,56,1174
comp,400,56,342
gui,400,56,1077
comp,400,56,280
gui,400,56,1205
comp,400,56,349
gui,400,56,815
comp,400,56,301
gui,400,56,1378
comp,400,56,267
gui,400,56,661
comp,400,56,232
gui,400,56,700
comp,400,56,262
gui,400,56,635
comp,400,56,251
gui,400,56,638
comp,400,56,432
gui,400,56,1636
comp,500,56,412
gui,500,56,1097
comp,500,56,455
gui,500,56,1200
comp,500,56,500
gui,500,56,1308
comp,500,56,281
gui,500,56,553
comp,500,56,448
gui,500,56,1142
comp,500,56,379
gui,500,56,1560
comp,500,56,533
gui,500,56,875
comp,500,56,273
gui,500,56,863
comp,500,56,319
gui,500,56,739
comp,500,56,294
gui,500,56,780
comp,500,56,501
gui,500,56,1173
comp,500,56,311
gui,500,56,651
comp,500,56,408
gui,500,56,1209
comp,500,56,306
gui,500,56,661
comp,500,56,412
gui,500,56,1099
comp,500,56,296
gui,500,56,721
comp,500,56,288
gui,500,56,694
comp,500,56,313
gui,500,56,717
comp,500,56,323
gui,500,56,688
comp,500,56,377
gui,500,56,1219
comp,500,56,297
gui,500,56,685
comp,500,56,294
gui,500,56,735
comp,500,56,301
gui,500,56,690
comp,500,56,400
gui,500,56,1316
comp,500,56,296
gui,500,56,677
comp,500,56,413
gui,500,56,1222
comp,500,56,332
gui,500,56,1239
comp,500,56,311
gui,500,56,747
comp,500,56,324
gui,500,56,736
comp,500,56,311
gui,500,56,710
comp,500,56,464
gui,500,56,1322
comp,500,56,287
gui,500,56,736
comp,500,56,367
gui,500,56,1286
comp,500,56,307
gui,500,56,758
comp,500,56,282
gui,500,56,769
comp,500,56,311
gui,500,56,736
comp,500,56,412
gui,500,56,1256
comp,500,56,277
gui,500,56,827
comp,500,56,365
gui,500,56,1341
comp,500,56,300
gui,500,56,753
comp,500,56,335
gui,500,56,700
comp,500,56,306
gui,500,56,821
comp,500,56,290
gui,500,56,827
comp,500,56,308
gui,500,56,760
comp,500,56,269
gui,500,56,701
comp,500,56,325
gui,500,56,699
comp,500,56,280
gui,500,56,777
comp,500,56,368
gui,500,56,779
comp,500,56,297
gui,500,56,735
comp,500,56,268
gui,500,56,744
comp,500,56,341
gui,500,56,1232
comp,500,56,304
gui,500,56,754
comp,500,56,345
gui,500,56,1319
comp,500,56,305
gui,500,56,775
comp,500,56,419
gui,500,56,755
comp,500,56,341
gui,500,56,784
comp,500,56,328
gui,500,56,755
comp,500,56,383
gui,500,56,820
comp,500,56,295
gui,500,56,862
comp,500,56,465
gui,500,56,1827
comp,500,56,268
gui,500,56,759
comp,500,56,278
gui,500,56,795
comp,500,56,320
gui,500,56,1012
comp,500,56,269
gui,500,56,759
comp,500,56,451
gui,500,56,1301
comp,500,56,283
gui,500,56,806
comp,500,56,1408
gui,500,56,995
comp,500,56,311
gui,500,56,735
comp,500,56,285
gui,500,56,872
comp,500,56,313
gui,500,56,772
comp,500,56,351
gui,500,56,789
comp,500,56,296
gui,500,56,759
comp,500,56,267
gui,500,56,890
comp,500,56,270
gui,500,56,750
comp,500,56,346
gui,500,56,807
comp,500,56,279
gui,500,56,778
comp,500,56,288
gui,500,56,735
comp,500,56,384
gui,500,56,1298
comp,500,56,276
gui,500,56,803
comp,500,56,269
gui,500,56,766
comp,500,56,322
gui,500,56,1410
comp,500,56,334
gui,500,56,782
comp,500,56,457
gui,500,56,1326
comp,500,56,457
gui,500,56,1197
comp,500,56,345
gui,500,56,769
comp,500,56,276
gui,500,56,738
comp,500,56,400
gui,500,56,1334
comp,500,56,422
gui,500,56,1362
comp,500,56,295
gui,500,56,828
comp,500,56,293
gui,500,56,757
comp,500,56,301
gui,500,56,773
comp,500,56,309
gui,500,56,736
comp,500,56,412
gui,500,56,1367
comp,500,56,295
gui,500,56,733
comp,500,56,313
gui,500,56,761
comp,500,56,310
gui,500,56,790
comp,500,56,379
gui,500,56,1104
comp,500,56,294
gui,500,56,877
comp,500,56,326
gui,500,56,739
comp,500,56,293
gui,500,56,957
comp,500,56,275
gui,500,56,1206
comp,500,56,315
gui,500,56,788
comp,500,56,318
gui,500,56,770
comp,500,56,419
gui,500,56,784
comp,500,56,289
gui,500,56,755
comp,500,56,392
gui,500,56,1148
comp,500,56,388
gui,500,56,1000
comp,500,56,405
gui,500,56,724
comp,500,56,294
gui,500,56,749
comp,500,56,298
gui,500,56,888
comp,500,56,394
gui,500,56,1118
comp,500,56,432
gui,500,56,750
comp,500,56,324
gui,500,56,752
comp,500,56,404
gui,500,56,780
comp,500,56,380
gui,500,56,767
comp,500,56,298
gui,500,56,772
comp,500,56,401
gui,500,56,803
comp,500,56,373
gui,500,56,772
comp,500,56,328
gui,500,56,756
comp,500,56,300
gui,500,56,1029
comp,500,56,322
gui,500,56,717
comp,500,56,340
gui,500,56,1078
comp,500,56,324
gui,500,56,1047
comp,500,56,360
gui,500,56,771
comp,500,56,435
gui,500,56,700
comp,500,56,335
gui,500,56,795
comp,500,56,372
gui,500,56,968
comp,500,56,309
gui,500,56,879
comp,500,56,337
gui,500,56,993
comp,500,56,397
gui,500,56,1043
comp,500,56,334
gui,500,56,1053
comp,500,56,442
gui,500,56,1365
comp,500,56,356
gui,500,56,1037
comp,500,56,273
gui,500,56,1238
comp,500,56,312
gui,500,56,853
comp,500,56,270
gui,500,56,740
comp,500,56,311
gui,500,56,743
comp,500,56,435
gui,500,56,1307
comp,500,56,442
gui,500,56,957
comp,500,56,326
gui,500,56,700
comp,500,56,367
gui,500,56,1307
comp,500,56,307
gui,500,56,694
comp,500,56,270
gui,500,56,764
comp,500,56,424
gui,500,56,1029
comp,500,56,283
gui,500,56,704
comp,500,56,273
gui,500,56,690
comp,500,56,287
gui,500,56,715
comp,500,56,297
gui,500,56,705
comp,500,56,341
gui,500,56,1005
comp,500,56,272
gui,500,56,724
comp,500,56,276
gui,500,56,685
comp,500,56,276
gui,500,56,695
comp,500,56,334
gui,500,56,845
comp,500,56,430
gui,500,56,1342
comp,500,56,378
gui,500,56,1263
comp,500,56,332
gui,500,56,789
comp,500,56,446
gui,500,56,1256
comp,500,56,383
gui,500,56,1336
comp,500,56,297
gui,500,56,771
comp,500,56,326
gui,500,56,1254
comp,500,56,274
gui,500,56,729
comp,500,56,276
gui,500,56,712
comp,500,56,270
gui,500,56,726
comp,500,56,296
gui,500,56,875
comp,500,56,311
gui,500,56,731
comp,500,56,277
gui,500,56,737
comp,500,56,273
gui,500,56,711
comp,500,56,349
gui,500,56,1481
comp,500,56,345
gui,500,56,988
comp,500,56,310
gui,500,56,762
comp,500,56,310
gui,500,56,715
comp,500,56,327
gui,500,56,1008
comp,500,56,294
gui,500,56,755
comp,500,56,344
gui,500,56,1360
comp,500,56,271
gui,500,56,741
comp,500,56,312
gui,500,56,702
comp,500,56,299
gui,500,56,806
comp,500,56,416
gui,500,56,1215
comp,500,56,337
gui,500,56,1101
comp,500,56,286
gui,500,56,747
comp,500,56,269
gui,500,56,791
comp,500,56,311
gui,500,56,724
comp,500,56,435
gui,500,56,1423
comp,500,56,318
gui,500,56,742
comp,500,56,521
gui,500,56,1373
comp,500,56,350
gui,500,56,819
comp,500,56,380
gui,500,56,1440
comp,500,56,310
gui,500,56,735
comp,500,56,385
gui,500,56,1418
comp,500,56,319
gui,500,56,756
comp,500,56,269
gui,500,56,777
comp,500,56,267
gui,500,56,718
comp,500,56,377
gui,500,56,1275
comp,500,56,437
gui,500,56,1526
comp,500,56,278
gui,500,56,755
comp,500,56,511
gui,500,56,1374
comp,500,56,494
gui,500,56,1483
comp,500,56,401
gui,500,56,1383
comp,500,56,381
gui,500,56,876
comp,500,56,388
gui,500,56,1305
comp,500,56,378
gui,500,56,1368
comp,500,56,445
gui,500,56,1713
comp,500,56,445
gui,500,56,1290
comp,500,56,269
gui,500,56,767
comp,500,56,363
gui,500,56,1246
comp,500,56,310
gui,500,56,1251
comp,500,56,423
gui,500,56,1010
comp,500,56,275
gui,500,56,726
comp,500,56,324
gui,500,56,749
comp,500,56,273
gui,500,56,753
comp,500,56,468
gui,500,56,1398
comp,500,56,325
gui,500,56,1498
comp,500,56,317
gui,500,56,974
comp,500,56,332
gui,500,56,884
comp,500,56,270
gui,500,56,1023
comp,500,56,268
gui,500,56,781
comp,500,56,278
gui,500,56,1097
comp,500,56,270
gui,500,56,825
comp,500,56,374
gui,500,56,1038
comp,500,56,361
gui,500,56,1014
comp,500,56,296
gui,500,56,716
comp,500,56,333
gui,500,56,970
comp,500,56,292
gui,500,56,786
comp,500,56,278
gui,500,56,785
comp,500,56,549
gui,500,56,1569
comp,500,56,380
gui,500,56,995
comp,500,56,313
gui,500,56,755
comp,500,56,336
gui,500,56,1303
comp,500,56,291
gui,500,56,888
comp,500,56,399
gui,500,56,1569
comp,500,56,548
gui,500,56,1614
comp,500,56,306
gui,500,56,749
comp,500,56,313
gui,500,56,770
comp,500,56,349
gui,500,56,1118
comp,500,56,383
gui,500,56,1089
comp,500,56,278
gui,500,56,758
comp,500,56,438
gui,500,56,1534
comp,500,56,416
gui,500,56,1547
comp,500,56,293
gui,500,56,836
comp,500,56,467
gui,500,56,1373
comp,500,56,364
gui,500,56,1498
comp,500,56,499
gui,500,56,1479
comp,500,56,527
gui,500,56,1526
comp,600,56,314
gui,600,56,1003
comp,600,56,354
gui,600,56,584
comp,600,56,529
gui,600,56,1570
comp,600,56,580
gui,600,56,1384
comp,600,56,460
gui,600,56,903
comp,600,56,328
gui,600,56,1305
comp,600,56,562
gui,600,56,1571
comp,600,56,411
gui,600,56,1050
comp,600,56,447
gui,600,56,1672
comp,600,56,1242
gui,600,56,2070
comp,600,56,331
gui,600,56,785
comp,600,56,536
gui,600,56,1318
comp,600,56,325
gui,600,56,881
comp,600,56,430
gui,600,56,909
comp,600,56,497
gui,600,56,1064
comp,600,56,368
gui,600,56,815
comp,600,56,484
gui,600,56,1468
comp,600,56,315
gui,600,56,814
comp,600,56,315
gui,600,56,793
comp,600,56,314
gui,600,56,773
comp,600,56,327
gui,600,56,838
comp,600,56,404
gui,600,56,840
comp,600,56,432
gui,600,56,1080
comp,600,56,448
gui,600,56,1438
comp,600,56,358
gui,600,56,876
comp,600,56,443
gui,600,56,1475
comp,600,56,544
gui,600,56,1539
comp,600,56,450
gui,600,56,1152
comp,600,56,592
gui,600,56,1562
comp,600,56,360
gui,600,56,848
comp,600,56,341
gui,600,56,787
comp,600,56,348
gui,600,56,854
comp,600,56,432
gui,600,56,1383
comp,600,56,327
gui,600,56,836
comp,600,56,316
gui,600,56,1001
comp,600,56,386
gui,600,56,874
comp,600,56,327
gui,600,56,1135
comp,600,56,577
gui,600,56,1728
comp,600,56,329
gui,600,56,1019
comp,600,56,324
gui,600,56,1044
comp,600,56,436
gui,600,56,995
comp,600,56,317
gui,600,56,856
comp,600,56,325
gui,600,56,788
comp,600,56,564
gui,600,56,1528
comp,600,56,389
gui,600,56,1468
comp,600,56,406
gui,600,56,1517
comp,600,56,356
gui,600,56,800
comp,600,56,544
gui,600,56,1573
comp,600,56,462
gui,600,56,1497
comp,600,56,601
gui,600,56,1580
comp,600,56,351
gui,600,56,876
comp,600,56,542
gui,600,56,2071
comp,600,56,367
gui,600,56,1403
comp,600,56,325
gui,600,56,1422
comp,600,56,352
gui,600,56,793
comp,600,56,516
gui,600,56,1908
comp,600,56,465
gui,600,56,1436
comp,600,56,316
gui,600,56,849
comp,600,56,368
gui,600,56,846
comp,600,56,445
gui,600,56,1420
comp,600,56,437
gui,600,56,1524
comp,600,56,462
gui,600,56,1620
comp,600,56,325
gui,600,56,868
comp,600,56,473
gui,600,56,1603
comp,600,56,327
gui,600,56,897
comp,600,56,403
gui,600,56,1463
comp,600,56,439
gui,600,56,1525
comp,600,56,361
gui,600,56,851
comp,600,56,541
gui,600,56,1694
comp,600,56,356
gui,600,56,795
comp,600,56,450
gui,600,56,1741
comp,600,56,329
gui,600,56,851
comp,600,56,355
gui,600,56,1016
comp,600,56,380
gui,600,56,1673
comp,600,56,384
gui,600,56,1027
comp,600,56,342
gui,600,56,873
comp,600,56,340
gui,600,56,856
comp,600,56,370
gui,600,56,839
comp,600,56,448
gui,600,56,966
comp,600,56,580
gui,600,56,1829
comp,600,56,565
gui,600,56,1539
comp,600,56,439
gui,600,56,1600
comp,600,56,342
gui,600,56,834
comp,600,56,328
gui,600,56,888
comp,600,56,568
gui,600,56,1736
comp,600,56,422
gui,600,56,1526
comp,600,56,544
gui,600,56,1569
comp,600,56,321
gui,600,56,907
comp,600,56,477
gui,600,56,1381
comp,600,56,338
gui,600,56,1061
comp,600,56,457
gui,600,56,1070
comp,600,56,342
gui,600,56,876
comp,600,56,330
gui,600,56,890
comp,600,56,358
gui,600,56,810
comp,600,56,318
gui,600,56,851
comp,600,56,381
gui,600,56,923
comp,600,56,433
gui,600,56,1039
comp,600,56,532
gui,600,56,904
comp,600,56,337
gui,600,56,830
comp,600,56,391
gui,600,56,929
comp,600,56,414
gui,600,56,1584
comp,600,56,361
gui,600,56,849
comp,600,56,375
gui,600,56,848
comp,600,56,459
gui,600,56,1723
comp,600,56,352
gui,600,56,800
comp,600,56,332
gui,600,56,808
comp,600,56,355
gui,600,56,1155
comp,600,56,344
gui,600,56,817
comp,600,56,426
gui,600,56,867
comp,600,56,335
gui,600,56,841
comp,600,56,342
gui,600,56,1187
comp,600,56,329
gui,600,56,847
comp,600,56,525
gui,600,56,1025
comp,600,56,471
gui,600,56,1507
comp,600,56,345
gui,600,56,882
comp,600,56,350
gui,600,56,819
comp,600,56,557
gui,600,56,1504
comp,600,56,315
gui,600,56,861
comp,600,56,326
gui,600,56,1207
comp,600,56,399
gui,600,56,1033
comp,600,56,343
gui,600,56,799
comp,600,56,322
gui,600,56,757
comp,600,56,323
gui,600,56,760
comp,600,56,344
gui,600,56,794
comp,600,56,315
gui,600,56,876
comp,600,56,346
gui,600,56,863
comp,600,56,371
gui,600,56,840
comp,600,56,332
gui,600,56,775
comp,600,56,356
gui,600,56,752
comp,600,56,326
gui,600,56,1019
comp,600,56,332
gui,600,56,797
comp,600,56,392
gui,600,56,831
comp,600,56,340
gui,600,56,818
comp,600,56,325
gui,600,56,874
comp,600,56,320
gui,600,56,761
comp,600,56,444
gui,600,56,1529
comp,600,56,342
gui,600,56,815
comp,600,56,465
gui,600,56,1494
comp,600,56,354
gui,600,56,824
comp,600,56,403
gui,600,56,858
comp,600,56,451
gui,600,56,1385
comp,600,56,334
gui,600,56,847
comp,600,56,440
gui,600,56,837
comp,600,56,352
gui,600,56,757
comp,600,56,641
gui,600,56,1040
comp,600,56,446
gui,600,56,1577
comp,600,56,340
gui,600,56,864
comp,600,56,332
gui,600,56,827
comp,600,56,325
gui,600,56,978
comp,600,56,488
gui,600,56,1524
comp,600,56,357
gui,600,56,763
comp,600,56,467
gui,600,56,1661
comp,600,56,343
gui,600,56,832
comp,600,56,343
gui,600,56,825
comp,600,56,356
gui,600,56,804
comp,600,56,525
gui,600,56,1722
comp,600,56,343
gui,600,56,817
comp,600,56,343
gui,600,56,762
comp,600,56,382
gui,600,56,1125
comp,600,56,355
gui,600,56,1119
comp,600,56,352
gui,600,56,849
comp,600,56,344
gui,600,56,1071
comp,600,56,386
gui,600,56,850
comp,600,56,351
gui,600,56,1086
comp,600,56,362
gui,600,56,835
comp,600,56,483
gui,600,56,1636
comp,600,56,522
gui,600,56,1378
comp,600,56,373
gui,600,56,897
comp,600,56,325
gui,600,56,1180
comp,600,56,356
gui,600,56,815
comp,600,56,381
gui,600,56,823
comp,600,56,360
gui,600,56,767
comp,600,56,326
gui,600,56,851
comp,600,56,332
gui,600,56,831
comp,600,56,457
gui,600,56,1459
comp,600,56,434
gui,600,56,833
comp,600,56,360
gui,600,56,826
comp,600,56,349
gui,600,56,790
comp,600,56,355
gui,600,56,831
comp,600,56,506
gui,600,56,1397
comp,600,56,368
gui,600,56,816
comp,600,56,394
gui,600,56,852
comp,600,56,344
gui,600,56,812
comp,600,56,419
gui,600,56,884
comp,600,56,357
gui,600,56,957
comp,600,56,443
gui,600,56,1301
comp,600,56,395
gui,600,56,803
comp,600,56,323
gui,600,56,1137
comp,600,56,336
gui,600,56,1199
comp,600,56,509
gui,600,56,1287
comp,600,56,557
gui,600,56,1848
comp,600,56,474
gui,600,56,1440
comp,600,56,351
gui,600,56,821
comp,600,56,393
gui,600,56,1433
comp,600,56,382
gui,600,56,944
comp,600,56,361
gui,600,56,954
comp,600,56,314
gui,600,56,855
comp,600,56,569
gui,600,56,1966
comp,600,56,439
gui,600,56,1415
comp,600,56,575
gui,600,56,2017
comp,600,56,424
gui,600,56,1860
comp,600,56,547
gui,600,56,1718
comp,600,56,367
gui,600,56,1069
comp,600,56,316
gui,600,56,849
comp,600,56,330
gui,600,56,1180
comp,600,56,313
gui,600,56,854
comp,600,56,415
gui,600,56,1471
comp,600,56,445
gui,600,56,1449
comp,600,56,330
gui,600,56,792
comp,600,56,489
gui,600,56,1615
comp,600,56,556
gui,600,56,1516
comp,600,56,477
gui,600,56,1402
comp,600,56,448
gui,600,56,1253
comp,600,56,314
gui,600,56,953
comp,600,56,313
gui,600,56,866
comp,600,56,464
gui,600,56,1573
comp,600,56,553
gui,600,56,1490
comp,600,56,331
gui,600,56,890
comp,600,56,372
gui,600,56,898
comp,700,56,387
gui,700,56,847
comp,700,56,516
gui,700,56,700
comp,700,56,417
gui,700,56,762
comp,700,56,361
gui,700,56,772
comp,700,56,544
gui,700,56,1367
comp,700,56,422
gui,700,56,740
comp,700,56,442
gui,700,56,887
comp,700,56,514
gui,700,56,1787
comp,700,56,371
gui,700,56,921
comp,700,56,384
gui,700,56,821
comp,700,56,378
gui,700,56,786
comp,700,56,376
gui,700,56,945
comp,700,56,391
gui,700,56,1257
comp,700,56,417
gui,700,56,1056
comp,700,56,366
gui,700,56,831
comp,700,56,540
gui,700,56,1588
comp,700,56,553
gui,700,56,1631
comp,700,56,394
gui,700,56,884
comp,700,56,377
gui,700,56,1027
comp,700,56,510
gui,700,56,1685
comp,700,56,530
gui,700,56,1882
comp,700,56,514
gui,700,56,1727
comp,700,56,440
gui,700,56,1718
comp,700,56,361
gui,700,56,960
comp,700,56,361
gui,700,56,957
comp,700,56,441
gui,700,56,1270
comp,700,56,363
gui,700,56,992
comp,700,56,529
gui,700,56,1212
comp,700,56,437
gui,700,56,1021
comp,700,56,372
gui,700,56,1008
comp,700,56,512
gui,700,56,1877
comp,700,56,384
gui,700,56,976
comp,700,56,515
gui,700,56,1796
comp,700,56,499
gui,700,56,1102
comp,700,56,361
gui,700,56,1229
comp,700,56,375
gui,700,56,1055
comp,700,56,364
gui,700,56,1027
comp,700,56,495
gui,700,56,1701
comp,700,56,403
gui,700,56,972
comp,700,56,415
gui,700,56,1056
comp,700,56,446
gui,700,56,1030
comp,700,56,445
gui,700,56,1181
comp,700,56,403
gui,700,56,990
comp,700,56,399
gui,700,56,960
comp,700,56,356
gui,700,56,1138
comp,700,56,457
gui,700,56,1945
comp,700,56,385
gui,700,56,1084
comp,700,56,391
gui,700,56,1302
comp,700,56,425
gui,700,56,1354
comp,700,56,434
gui,700,56,1762
comp,700,56,592
gui,700,56,1965
comp,700,56,417
gui,700,56,1030
comp,700,56,387
gui,700,56,1097
comp,700,56,614
gui,700,56,1930
comp,700,56,398
gui,700,56,1062
comp,700,56,361
gui,700,56,1593
comp,700,56,359
gui,700,56,1080
comp,700,56,379
gui,700,56,1077
comp,700,56,362
gui,700,56,1071
comp,700,56,493
gui,700,56,1157
comp,700,56,679
gui,700,56,2405
comp,700,56,517
gui,700,56,1767
comp,700,56,474
gui,700,56,1228
comp,700,56,413
gui,700,56,1277
comp,700,56,374
gui,700,56,3495
comp,700,56,394
gui,700,56,1063
comp,700,56,401
gui,700,56,1037
comp,700,56,370
gui,700,56,928
comp,700,56,415
gui,700,56,1019
comp,700,56,472
gui,700,56,2561
comp,700,56,561
gui,700,56,1926
comp,700,56,428
gui,700,56,1840
comp,700,56,395
gui,700,56,987
comp,700,56,371
gui,700,56,1305
comp,700,56,507
gui,700,56,1829
comp,700,56,397
gui,700,56,1087
comp,700,56,405
gui,700,56,1001
comp,700,56,379
gui,700,56,1026
comp,700,56,412
gui,700,56,1115
comp,700,56,368
gui,700,56,1085
comp,700,56,386
gui,700,56,1196
comp,700,56,364
gui,700,56,960
comp,700,56,404
gui,700,56,947
comp,700,56,387
gui,700,56,963
comp,700,56,492
gui,700,56,1795
comp,700,56,563
gui,700,56,1137
comp,700,56,398
gui,700,56,984
comp,700,56,388
gui,700,56,982
comp,700,56,525
gui,700,56,1865
comp,700,56,540
gui,700,56,1794
comp,700,56,369
gui,700,56,1103
comp,700,56,388
gui,700,56,981
comp,700,56,399
gui,700,56,985
comp,700,56,507
gui,700,56,1644
comp,700,56,417
gui,700,56,994
comp,700,56,475
gui,700,56,1077
comp,700,56,384
gui,700,56,1107
comp,700,56,382
gui,700,56,958
comp,700,56,441
gui,700,56,1182
comp,700,56,387
gui,700,56,1106
comp,700,56,389
gui,700,56,1002
comp,700,56,398
gui,700,56,1052
comp,700,56,421
gui,700,56,1675
comp,700,56,399
gui,700,56,1011
comp,700,56,385
gui,700,56,998
comp,700,56,597
gui,700,56,2005
comp,700,56,405
gui,700,56,1188
comp,700,56,512
gui,700,56,1255
comp,700,56,465
gui,700,56,1808
comp,700,56,432
gui,700,56,1047
comp,700,56,486
gui,700,56,2052
comp,700,56,556
gui,700,56,1959
comp,700,56,383
gui,700,56,1070
comp,700,56,487
gui,700,56,1195
comp,700,56,392
gui,700,56,1061
comp,700,56,421
gui,700,56,1091
comp,700,56,485
gui,700,56,1959
comp,700,56,378
gui,700,56,1140
comp,700,56,511
gui,700,56,1976
comp,700,56,441
gui,700,56,1232
comp,700,56,385
gui,700,56,1165
comp,700,56,404
gui,700,56,1452
comp,700,56,498
gui,700,56,1825
comp,700,56,366
gui,700,56,1008
comp,700,56,508
gui,700,56,1861
comp,700,56,423
gui,700,56,1569
comp,700,56,367
gui,700,56,977
comp,700,56,397
gui,700,56,1109
comp,700,56,526
gui,700,56,1850
comp,700,56,365
gui,700,56,1007
comp,700,56,439
gui,700,56,1009
comp,700,56,366
gui,700,56,1030
comp,700,56,366
gui,700,56,1000
comp,700,56,400
gui,700,56,982
comp,700,56,400
gui,700,56,955
comp,700,56,619
gui,700,56,1467
comp,700,56,580
gui,700,56,985
comp,700,56,437
gui,700,56,1255
comp,700,56,616
gui,700,56,2109
comp,700,56,550
gui,700,56,1285
comp,700,56,359
gui,700,56,1524
comp,700,56,389
gui,700,56,1217
comp,700,56,378
gui,700,56,1058
comp,700,56,372
gui,700,56,1172
comp,700,56,382
gui,700,56,1508
comp,700,56,669
gui,700,56,2123
comp,700,56,385
gui,700,56,1163
comp,700,56,616
gui,700,56,1927
comp,700,56,375
gui,700,56,1026
comp,700,56,622
gui,700,56,1693
comp,700,56,585
gui,700,56,2008
comp,700,56,448
gui,700,56,1873
comp,700,56,386
gui,700,56,1312
comp,700,56,372
gui,700,56,1079
comp,700,56,371
gui,700,56,1078
comp,700,56,358
gui,700,56,1344
comp,700,56,584
gui,700,56,2074
comp,700,56,377
gui,700,56,1153
comp,700,56,379
gui,700,56,1431
comp,700,56,449
gui,700,56,1180
comp,700,56,393
gui,700,56,1112
comp,700,56,423
gui,700,56,1610
comp,700,56,642
gui,700,56,1898
comp,700,56,600
gui,700,56,2074
comp,700,56,355
gui,700,56,1320
comp,700,56,445
gui,700,56,1155
comp,700,56,407
gui,700,56,978
comp,800,56,564
gui,800,56,1139
comp,800,56,429
gui,800,56,751
comp,800,56,740
gui,800,56,1670
comp,800,56,727
gui,800,56,1712
comp,800,56,430
gui,800,56,877
comp,800,56,476
gui,800,56,1127
comp,800,56,666
gui,800,56,1961
comp,800,56,446
gui,800,56,1320
comp,800,56,767
gui,800,56,1879
comp,800,56,675
gui,800,56,1855
comp,800,56,407
gui,800,56,1351
comp,800,56,604
gui,800,56,1763
comp,800,56,472
gui,800,56,999
comp,800,56,408
gui,800,56,1174
comp,800,56,439
gui,800,56,1077
comp,800,56,603
gui,800,56,1259
comp,800,56,498
gui,800,56,1419
comp,800,56,685
gui,800,56,1883
comp,800,56,446
gui,800,56,1304
comp,800,56,467
gui,800,56,1130
comp,800,56,621
gui,800,56,2110
comp,800,56,593
gui,800,56,2278
comp,800,56,450
gui,800,56,1008
comp,800,56,691
gui,800,56,1993
comp,800,56,508
gui,800,56,1068
comp,800,56,591
gui,800,56,1395
comp,800,56,475
gui,800,56,1406
comp,800,56,708
gui,800,56,1809
comp,800,56,403
gui,800,56,1121
comp,800,56,406
gui,800,56,1631
comp,800,56,418
gui,800,56,1094
comp,800,56,444
gui,800,56,1171
comp,800,56,462
gui,800,56,1097
comp,800,56,403
gui,800,56,979
comp,800,56,402
gui,800,56,1026
comp,800,56,657
gui,800,56,2179
comp,800,56,482
gui,800,56,1044
comp,800,56,750
gui,800,56,1322
comp,800,56,406
gui,800,56,985
comp,800,56,401
gui,800,56,1026
comp,800,56,578
gui,800,56,1389
comp,800,56,435
gui,800,56,1023
comp,800,56,477
gui,800,56,1509
comp,800,56,640
gui,800,56,2017
comp,800,56,503
gui,800,56,1248
comp,800,56,428
gui,800,56,1000
comp,800,56,419
gui,800,56,1229
comp,800,56,465
gui,800,56,1344
comp,800,56,441
gui,800,56,1228
comp,800,56,419
gui,800,56,1092
comp,800,56,448
gui,800,56,1029
comp,800,56,545
gui,800,56,1140
comp,800,56,591
gui,800,56,2009
comp,800,56,602
gui,800,56,1752
comp,800,56,486
gui,800,56,1182
comp,800,56,448
gui,800,56,1213
comp,800,56,469
gui,800,56,1147
comp,800,56,577
gui,800,56,1923
comp,800,56,576
gui,800,56,1885
comp,800,56,555
gui,800,56,2252
comp,800,56,576
gui,800,56,2038
comp,800,56,407
gui,800,56,1091
comp,800,56,719
gui,800,56,2439
comp,800,56,449
gui,800,56,1428
comp,800,56,411
gui,800,56,1108
comp,800,56,448
gui,800,56,1157
comp,800,56,555
gui,800,56,1323
comp,800,56,506
gui,800,56,2014
comp,800,56,459
gui,800,56,1079
comp,800,56,465
gui,800,56,1055
comp,800,56,438
gui,800,56,1115
comp,800,56,683
gui,800,56,2169
comp,800,56,449
gui,800,56,1254
comp,800,56,454
gui,800,56,1084
comp,800,56,613
gui,800,56,2011
comp,800,56,478
gui,800,56,1697
comp,800,56,403
gui,800,56,1081
comp,800,56,481
gui,800,56,1137
comp,800,56,402
gui,800,56,1298
comp,800,56,407
gui,800,56,1158
comp,800,56,565
gui,800,56,2028
comp,800,56,475
gui,800,56,1058
comp,800,56,410
gui,800,56,1067
comp,800,56,778
gui,800,56,2246
comp,800,56,444
gui,800,56,1790
comp,800,56,589
gui,800,56,2009
comp,800,56,707
gui,800,56,2186
comp,800,56,515
gui,800,56,1821
comp,800,56,688
gui,800,56,2200
comp,800,56,846
gui,800,56,1611
comp,800,56,401
gui,800,56,1227
comp,800,56,431
gui,800,56,1012
comp,800,56,439
gui,800,56,1080
comp,800,56,438
gui,800,56,1153
comp,800,56,789
gui,800,56,2122
comp,800,56,559
gui,800,56,1398
comp,800,56,561
gui,800,56,1801
comp,800,56,407
gui,800,56,1137
comp,800,56,723
gui,800,56,2244
comp,800,56,418
gui,800,56,1146
comp,800,56,740
gui,800,56,2197
comp,800,56,537
gui,800,56,1593
comp,800,56,478
gui,800,56,1032
comp,800,56,1257
gui,800,56,1992
comp,800,56,403
gui,800,56,1043
comp,800,56,460
gui,800,56,1013
comp,800,56,457
gui,800,56,1071
comp,800,56,412
gui,800,56,1150
comp,800,56,443
gui,800,56,1045
comp,800,56,651
gui,800,56,1941
comp,800,56,428
gui,800,56,1190
comp,800,56,525
gui,800,56,1301
comp,800,56,468
gui,800,56,1034
comp,800,56,442
gui,800,56,1122
comp,800,56,478
gui,800,56,1120
comp,800,56,500
gui,800,56,1309
comp,800,56,517
gui,800,56,1978
comp,800,56,780
gui,800,56,2643
comp,800,56,437
gui,800,56,1129
comp,800,56,483
gui,800,56,1101
comp,800,56,442
gui,800,56,1177
comp,800,56,430
gui,800,56,1520
comp,800,56,689
gui,800,56,1442
comp,800,56,563
gui,800,56,1909
comp,800,56,417
gui,800,56,2108
comp,800,56,496
gui,800,56,3009
comp,800,56,427
gui,800,56,1027
comp,800,56,472
gui,800,56,1122
comp,800,56,544
gui,800,56,1087
comp,800,56,583
gui,800,56,1651
comp,800,56,498
gui,800,56,1421
comp,800,56,432
gui,800,56,1043
comp,800,56,418
gui,800,56,1174
comp,800,56,589
gui,800,56,1977
comp,900,56,648
gui,900,56,802
comp,900,56,667
gui,900,56,1037
comp,900,56,451
gui,900,56,936
comp,900,56,474
gui,900,56,872
comp,900,56,460
gui,900,56,897
comp,900,56,565
gui,900,56,1069
comp,900,56,839
gui,900,56,2138
comp,900,56,660
gui,900,56,1699
comp,900,56,691
gui,900,56,2688
comp,900,56,557
gui,900,56,2055
comp,900,56,786
gui,900,56,1497
comp,900,56,732
gui,900,56,2017
comp,900,56,759
gui,900,56,1948
comp,900,56,598
gui,900,56,1530
comp,900,56,446
gui,900,56,1022
comp,900,56,486
gui,900,56,1127
comp,900,56,577
gui,900,56,1988
comp,900,56,455
gui,900,56,1087
comp,900,56,675
gui,900,56,2161
comp,900,56,768
gui,900,56,2279
comp,900,56,544
gui,900,56,1144
comp,900,56,557
gui,900,56,2081
comp,900,56,670
gui,900,56,2009
comp,900,56,759
gui,900,56,1962
comp,900,56,543
gui,900,56,2232
comp,900,56,672
gui,900,56,2258
comp,900,56,457
gui,900,56,1199
comp,900,56,457
gui,900,56,1543
comp,900,56,458
gui,900,56,1077
comp,900,56,519
gui,900,56,2000
comp,900,56,671
gui,900,56,2201
comp,900,56,480
gui,900,56,1085
comp,900,56,730
gui,900,56,1905
comp,900,56,659
gui,900,56,2143
comp,900,56,455
gui,900,56,1196
comp,900,56,785
gui,900,56,2278
comp,900,56,638
gui,900,56,1279
comp,900,56,664
gui,900,56,1612
comp,900,56,595
gui,900,56,1849
comp,900,56,454
gui,900,56,1129
comp,900,56,476
gui,900,56,1207
comp,900,56,515
gui,900,56,1227
comp,900,56,491
gui,900,56,2027
comp,900,56,458
gui,900,56,1130
comp,900,56,651
gui,900,56,2135
comp,900,56,457
gui,900,56,1128
comp,900,56,607
gui,900,56,1124
comp,900,56,709
gui,900,56,1679
comp,900,56,757
gui,900,56,3002
comp,900,56,507
gui,900,56,1118
comp,900,56,554
gui,900,56,2114
comp,900,56,457
gui,900,56,1188
comp,900,56,679
gui,900,56,1141
comp,900,56,616
gui,900,56,1468
comp,900,56,556
gui,900,56,1782
comp,900,56,520
gui,900,56,1113
comp,900,56,473
gui,900,56,1144
comp,900,56,467
gui,900,56,1178
comp,900,56,1001
gui,900,56,2790
comp,900,56,735
gui,900,56,2319
comp,900,56,454
gui,900,56,1174
comp,900,56,641
gui,900,56,2248
comp,900,56,830
gui,900,56,2227
comp,900,56,516
gui,900,56,1131
comp,900,56,539
gui,900,56,1325
comp,900,56,594
gui,900,56,1721
comp,900,56,642
gui,900,56,2075
comp,900,56,820
gui,900,56,1892
comp,900,56,774
gui,900,56,2288
comp,900,56,855
gui,900,56,2301
comp,900,56,799
gui,900,56,2458
comp,900,56,544
gui,900,56,1321
comp,900,56,453
gui,900,56,1648
comp,900,56,448
gui,900,56,1087
comp,900,56,729
gui,900,56,2271
comp,900,56,492
gui,900,56,1318
comp,900,56,647
gui,900,56,1234
comp,900,56,640
gui,900,56,2285
comp,900,56,445
gui,900,56,1070
comp,900,56,546
gui,900,56,1488
comp,900,56,655
gui,900,56,2102
comp,900,56,581
gui,900,56,1550
comp,900,56,456
gui,900,56,1958
comp,900,56,479
gui,900,56,1110
comp,900,56,747
gui,900,56,1444
comp,900,56,467
gui,900,56,1226
comp,900,56,797
gui,900,56,2366
comp,900,56,489
gui,900,56,1354
comp,900,56,490
gui,900,56,1098
comp,900,56,469
gui,900,56,1118
comp,900,56,475
gui,900,56,1156
comp,900,56,479
gui,900,56,1205
comp,900,56,730
gui,900,56,1269
comp,900,56,447
gui,900,56,1303
comp,900,56,789
gui,900,56,2169
comp,900,56,679
gui,900,56,1293
comp,900,56,467
gui,900,56,1160
comp,900,56,553
gui,900,56,1180
comp,900,56,549
gui,900,56,1166
comp,900,56,713
gui,900,56,2539
comp,900,56,741
gui,900,56,2406
comp,900,56,545
gui,900,56,1413
comp,900,56,493
gui,900,56,1143
comp,900,56,494
gui,900,56,1213
comp,900,56,509
gui,900,56,1132
comp,900,56,700
gui,900,56,2134
comp,900,56,650
gui,900,56,1730
comp,900,56,670
gui,900,56,1878
comp,900,56,470
gui,900,56,1150
comp,900,56,490
gui,900,56,1212
comp,900,56,510
gui,900,56,1853
comp,900,56,488
gui,900,56,1050
comp,900,56,473
gui,900,56,1134
comp,900,56,465
gui,900,56,1134
comp,900,56,480
gui,900,56,1289
comp,900,56,476
gui,900,56,1499
comp,900,56,455
gui,900,56,1081
comp,900,56,459
gui,900,56,1194
comp,900,56,455
gui,900,56,1222
comp,900,56,456
gui,900,56,1271
comp,900,56,455
gui,900,56,2126
comp,900,56,487
gui,900,56,1671
comp,900,56,455
gui,900,56,1103
comp,900,56,454
gui,900,56,1177
comp,900,56,498
gui,900,56,1161
comp,900,56,735
gui,900,56,2113
comp,900,56,502
gui,900,56,1354
comp,900,56,731
gui,900,56,2307
comp,900,56,731
gui,900,56,1203
comp,900,56,448
gui,900,56,1125
comp,900,56,488
gui,900,56,1134
comp,900,56,657
gui,900,56,1959
comp,900,56,528
gui,900,56,1909
comp,900,56,479
gui,900,56,1140
comp,900,56,671
gui,900,56,2119
comp,900,56,467
gui,900,56,1356
comp,900,56,569
gui,900,56,1586
comp,900,56,525
gui,900,56,1800
comp,900,56,733
gui,900,56,1985
comp,900,56,788
gui,900,56,1188
comp,900,56,536
gui,900,56,1167
comp,900,56,562
gui,900,56,1380
comp,900,56,609
gui,900,56,1570
comp,900,56,569
gui,900,56,1644
comp,900,56,452
gui,900,56,1323
comp,900,56,635
gui,900,56,1707
comp,900,56,474
gui,900,56,1175
comp,900,56,500
gui,900,56,1342
comp,900,56,937
gui,900,56,1753
comp,900,56,525
gui,900,56,1316
comp,900,56,820
gui,900,56,1970
comp,900,56,633
gui,900,56,2139
comp,900,56,526
gui,900,56,1138
comp,900,56,623
gui,900,56,2139
comp,900,56,743
gui,900,56,2142
comp,900,56,654
gui,900,56,2245
comp,900,56,775
gui,900,56,2316
comp,900,56,780
gui,900,56,2308
comp,900,56,549
gui,900,56,1326
comp,900,56,562
gui,900,56,1187
comp,900,56,477
gui,900,56,1106
comp,900,56,504
gui,900,56,1131
comp,900,56,474
gui,900,56,1117
comp,900,56,507
gui,900,56,1129
comp,900,56,866
gui,900,56,2076
comp,900,56,833
gui,900,56,2606
comp,900,56,767
gui,900,56,2334
comp,900,56,509
gui,900,56,1062
comp,900,56,765
gui,900,56,2251
comp,900,56,638
gui,900,56,2018
comp,900,56,839
gui,900,56,1438
comp,900,56,635
gui,900,56,2042
comp,900,56,448
gui,900,56,1091
comp,900,56,484
gui,900,56,1187
comp,900,56,624
gui,900,56,1322
comp,900,56,548
gui,900,56,1381
comp,900,56,550
gui,900,56,1189
comp,900,56,468
gui,900,56,1372
comp,900,56,495
gui,900,56,1416
comp,900,56,482
gui,900,56,1076
comp,900,56,639
gui,900,56,2394
comp,900,56,572
gui,900,56,2114
comp,900,56,594
gui,900,56,1410
comp,900,56,514
gui,900,56,1086
comp,900,56,476
gui,900,56,1116
comp,900,56,463
gui,900,56,1233
comp,900,56,479
gui,900,56,1199
comp,900,56,653
gui,900,56,2163
comp,900,56,656
gui,900,56,2174
comp,900,56,450
gui,900,56,1122
comp,900,56,558
gui,900,56,1188
comp,900,56,478
gui,900,56,1121
comp,900,56,870
gui,900,56,2033
comp,900,56,508
gui,900,56,1289
comp,900,56,515
gui,900,56,1166
comp,900,56,549
gui,900,56,1302
comp,900,56,787
gui,900,56,2666
comp,900,56,797
gui,900,56,1642
comp,900,56,747
gui,900,56,1123
comp,900,56,800
gui,900,56,2130
comp,900,56,653
gui,900,56,2207
comp,900,56,692
gui,900,56,2144
comp,900,56,660
gui,900,56,2158
comp,900,56,485
gui,900,56,1209
comp,900,56,454
gui,900,56,1264
comp,900,56,556
gui,900,56,1380
comp,900,56,473
gui,900,56,1115
comp,900,56,732
gui,900,56,1997
comp,1000,56,506
gui,1000,56,841
comp,1000,56,497
gui,1000,56,886
comp,1000,56,503
gui,1000,56,927
comp,1000,56,541
gui,1000,56,901
comp,1000,56,723
gui,1000,56,1717
comp,1000,56,750
gui,1000,56,2056
comp,1000,56,661
gui,1000,56,1982
comp,1000,56,529
gui,1000,56,1538
comp,1000,56,556
gui,1000,56,1528
comp,1000,56,638
gui,1000,56,1871
comp,1000,56,739
gui,1000,56,1984
comp,1000,56,527
gui,1000,56,1022
comp,1000,56,538
gui,1000,56,1057
comp,1000,56,518
gui,1000,56,1089
comp,1000,56,503
gui,1000,56,1025
comp,1000,56,491
gui,1000,56,1027
comp,1000,56,622
gui,1000,56,1252
comp,1000,56,522
gui,1000,56,1108
comp,1000,56,532
gui,1000,56,1108
comp,1000,56,853
gui,1000,56,4500
comp,1000,56,623
gui,1000,56,1132
comp,1000,56,735
gui,1000,56,2105
comp,1000,56,532
gui,1000,56,1132
comp,1000,56,720
gui,1000,56,1999
comp,1000,56,521
gui,1000,56,1110
comp,1000,56,533
gui,1000,56,1229
comp,1000,56,561
gui,1000,56,1158
comp,1000,56,532
gui,1000,56,1133
comp,1000,56,528
gui,1000,56,1206
comp,1000,56,563
gui,1000,56,1124
comp,1000,56,530
gui,1000,56,1141
comp,1000,56,638
gui,1000,56,1206
comp,1000,56,708
gui,1000,56,2126
comp,1000,56,695
gui,1000,56,1371
comp,1000,56,723
gui,1000,56,1322
comp,1000,56,524
gui,1000,56,1749
comp,1000,56,518
gui,1000,56,1210
comp,1000,56,534
gui,1000,56,1112
comp,1000,56,522
gui,1000,56,1162
comp,1000,56,523
gui,1000,56,1210
comp,1000,56,534
gui,1000,56,1129
comp,1000,56,536
gui,1000,56,1123
comp,1000,56,793
gui,1000,56,2232
comp,1000,56,536
gui,1000,56,1114
comp,1000,56,520
gui,1000,56,1197
comp,1000,56,531
gui,1000,56,1225
comp,1000,56,716
gui,1000,56,1862
comp,1000,56,540
gui,1000,56,1114
comp,1000,56,510
gui,1000,56,2026
comp,1000,56,717
gui,1000,56,2265
comp,1000,56,498
gui,1000,56,1133
comp,1000,56,520
gui,1000,56,1168
comp,1000,56,652
gui,1000,56,1270
comp,1000,56,709
gui,1000,56,1673
comp,1000,56,704
gui,1000,56,2182
comp,1000,56,521
gui,1000,56,1191
comp,1000,56,531
gui,1000,56,1175
comp,1000,56,710
gui,1000,56,2031
comp,1000,56,549
gui,1000,56,1130
comp,1000,56,546
gui,1000,56,2492
comp,1000,56,545
gui,1000,56,1225
comp,1000,56,624
gui,1000,56,1195
comp,1000,56,729
gui,1000,56,2590
comp,1000,56,498
gui,1000,56,1243
comp,1000,56,520
gui,1000,56,1217
comp,1000,56,507
gui,1000,56,1356
comp,1000,56,701
gui,1000,56,2425
comp,1000,56,660
gui,1000,56,1949
comp,1000,56,622
gui,1000,56,1280
comp,1000,56,860
gui,1000,56,2282
comp,1000,56,846
gui,1000,56,2061
comp,1000,56,828
gui,1000,56,2423
comp,1000,56,657
gui,1000,56,1951
comp,1000,56,528
gui,1000,56,1848
comp,1000,56,621
gui,1000,56,1261
comp,1000,56,734
gui,1000,56,2221
comp,1000,56,720
gui,1000,56,2295
comp,1000,56,503
gui,1000,56,1301
comp,1000,56,610
gui,1000,56,1484
comp,1000,56,705
gui,1000,56,2447
comp,1000,56,492
gui,1000,56,1241
comp,1000,56,704
gui,1000,56,2968
comp,1000,56,887
gui,1000,56,2565
comp,1000,56,1156
gui,1000,56,2426
comp,1000,56,960
gui,1000,56,2805
comp,1000,56,2240
gui,1000,56,5492
comp,1000,56,813
gui,1000,56,1830
comp,1000,56,1007
gui,1000,56,2365
comp,1000,56,685
gui,1000,56,2073
comp,1000,56,697
gui,1000,56,2034
comp,1000,56,720
gui,1000,56,2484
comp,1000,56,817
gui,1000,56,2496
comp,1000,56,716
gui,1000,56,2852
comp,1000,56,1964
gui,1000,56,4537
comp,1000,56,1177
gui,1000,56,2660
comp,1000,56,1108
gui,1000,56,3150
comp,1000,56,618
gui,1000,56,2411
comp,1000,56,492
gui,1000,56,1211
comp,1000,56,733
gui,1000,56,2532
comp,1000,56,900
gui,1000,56,2900
comp,1000,56,686
gui,1000,56,1908
comp,1000,56,732
gui,1000,56,2905
comp,1000,56,880
gui,1000,56,2628
comp,1000,56,502
gui,1000,56,1330
comp,1000,56,869
gui,1000,56,3004
comp,1000,56,939
gui,1000,56,2879
comp,1000,56,546
gui,1000,56,1439
comp,1000,56,658
gui,1000,56,2708
comp,1000,56,857
gui,1000,56,5537
comp,1000,56,556
gui,1000,56,1390
comp,1000,56,722
gui,1000,56,2866
comp,1000,56,818
gui,1000,56,2201
comp,1000,56,519
gui,1000,56,2748
comp,1000,56,790
gui,1000,56,2942
comp,1000,56,599
gui,1000,56,1344
comp,1000,56,727
gui,1000,56,3122
comp,1000,56,637
gui,1000,56,4262
comp,1000,56,967
gui,1000,56,1283
comp,1000,56,1094
gui,1000,56,2865
comp,1000,56,962
gui,1000,56,2515
comp,1000,56,753
gui,1000,56,3268
comp,1000,56,715
gui,1000,56,2948
comp,1000,56,510
gui,1000,56,1834
comp,1000,56,906
gui,1000,56,1567
comp,1000,56,516
gui,1000,56,1509
comp,1000,56,515
gui,1000,56,1193
comp,1000,56,529
gui,1000,56,1217
comp,1000,56,699
