lhs_size,rhs_size,naive_time_us,fft_time_us
50,50,30,129
50,50,29,114
50,50,49,165
50,50,42,179
50,50,83,161
50,50,61,142
50,50,30,137
50,50,29,117
50,50,29,114
50,50,29,113
50,50,29,113
50,50,36,159
50,50,29,115
50,50,29,131
50,50,29,115
50,50,29,115
50,50,29,114
50,50,56,213
50,50,29,114
50,50,29,115
50,50,29,115
50,50,29,115
50,50,29,112
50,50,29,134
50,50,29,114
50,50,29,115
50,50,29,134
50,50,30,117
50,50,30,146
50,50,29,115
50,50,41,143
50,50,29,114
50,50,29,116
50,50,29,115
50,50,47,586
50,50,42,160
50,50,29,145
50,50,51,140
50,50,29,115
50,50,43,194
50,50,29,114
50,50,29,142
50,50,29,115
50,50,29,113
50,50,29,116
50,50,29,116
50,50,42,214
50,50,29,115
50,50,29,113
50,50,31,115
50,50,29,114
50,50,29,115
50,50,40,159
50,50,47,203
50,50,29,114
50,50,41,145
50,50,29,118
50,50,43,142
50,50,29,129
50,50,29,115
50,50,79,183
50,50,30,117
50,50,29,114
50,50,29,117
50,50,41,143
50,50,29,115
50,50,29,115
50,50,35,146
50,50,29,117
50,50,31,148
50,50,29,114
50,50,29,113
50,50,29,114
50,50,29,115
50,50,29,113
50,50,30,129
50,50,41,143
50,50,29,144
50,50,29,115
50,50,29,118
50,50,29,115
50,50,30,156
50,50,29,114
50,50,28,114
50,50,29,116
50,50,29,114
50,50,29,115
50,50,66,154
50,50,29,113
50,50,29,114
50,50,29,114
50,50,29,115
50,50,29,112
50,50,29,115
50,50,29,134
50,50,29,114
50,50,29,113
50,50,41,154
50,50,45,142
50,50,30,172
50,50,43,149
50,50,44,160
50,50,30,119
50,50,49,163
50,50,42,143
50,50,49,168
50,50,45,227
50,50,29,114
50,50,29,114
50,50,30,117
50,50,40,152
50,50,42,162
50,50,29,114
50,50,29,114
50,50,29,116
50,50,41,142
50,50,28,113
50,50,29,114
50,50,30,118
50,50,29,114
50,50,58,204
50,50,29,115
50,50,30,143
50,50,29,115
50,50,29,114
50,50,41,142
50,50,29,114
50,50,30,119
50,50,29,114
50,50,29,114
50,50,30,181
50,50,56,153
50,50,29,114
50,50,30,118
50,50,42,159
50,50,29,114
50,50,29,115
50,50,29,114
50,50,29,116
50,50,29,115
50,50,29,116
50,50,29,134
50,50,29,116
50,50,29,116
50,50,29,116
50,50,29,114
50,50,50,198
50,50,29,118
50,50,41,144
50,50,29,115
50,50,29,114
50,50,29,116
50,50,29,115
50,50,42,146
50,50,48,163
50,50,29,114
50,50,29,115
50,50,48,222
50,50,29,115
50,50,45,174
50,50,43,159
50,50,29,114
50,50,29,115
50,50,29,115
50,50,50,250
50,50,47,154
50,50,30,133
50,50,29,114
50,50,28,114
50,50,29,114
50,50,29,115
50,50,29,117
50,50,43,219
50,50,29,114
50,50,29,116
50,50,42,151
50,50,29,113
50,50,29,116
50,50,30,131
50,50,29,115
50,50,29,113
50,50,29,113
50,50,29,115
50,50,29,115
50,50,30,119
50,50,29,114
50,50,29,114
50,50,29,114
50,50,29,114
50,50,29,114
50,50,29,116
50,50,29,116
50,50,63,235
50,50,49,210
50,50,29,115
50,50,29,118
50,50,29,114
50,50,29,115
50,50,29,115
50,50,29,114
50,50,29,119
50,50,29,115
50,50,29,113
50,50,29,115
50,50,29,114
50,50,62,154
50,50,43,227
50,50,30,119
50,50,29,114
50,50,30,132
50,50,29,116
50,50,59,114
50,50,29,114
50,50,29,114
50,50,29,116
50,50,29,113
50,50,29,117
50,50,29,115
50,50,29,115
50,50,29,114
50,50,55,244
50,50,29,114
50,50,48,182
50,50,30,118
50,50,29,113
50,50,64,183
50,50,30,118
50,50,30,200
50,50,30,116
50,50,29,112
50,50,30,119
50,50,30,131
50,50,30,118
50,50,43,150
50,50,29,115
50,50,41,144
50,50,64,146
50,50,64,171
50,50,65,150
50,50,64,149
50,50,61,140
50,50,61,141
50,50,61,140
50,50,41,147
50,50,64,150
50,50,30,157
50,50,30,159
50,50,49,160
50,50,61,141
50,50,78,161
50,50,69,130
50,50,50,163
50,50,30,162
50,50,30,162
50,50,71,165
50,50,44,179
50,50,30,126
50,50,29,118
50,50,30,118
50,50,30,118
50,50,61,141
50,50,29,113
50,50,29,115
50,50,49,165
50,50,29,115
50,50,42,166
50,50,29,114
50,50,29,114
50,50,29,114
50,50,30,119
50,50,29,113
50,50,30,118
50,50,61,176
50,50,36,155
100,50,93,319
100,50,57,226
100,50,124,309
100,50,139,324
100,50,99,336
100,50,83,354
100,50,147,362
100,50,71,262
100,50,94,309
100,50,119,261
100,50,84,223
100,50,55,210
100,50,56,240
100,50,55,212
100,50,55,214
100,50,156,390
100,100,228,270
100,100,106,222
100,100,103,252
100,100,121,248
100,100,160,324
100,100,228,263
100,100,210,329
100,100,238,297
100,100,180,303
100,100,104,234
100,100,174,292
100,100,228,284
100,100,260,304
100,100,281,300
100,100,104,213
100,100,228,262
100,100,228,282
100,100,212,290
100,100,257,293
100,100,254,283
100,100,150,265
100,100,107,245
100,100,107,221
100,100,106,220
100,100,107,296
100,100,150,305
100,100,152,274
100,100,103,211
100,100,106,219
100,100,107,238
100,100,128,237
100,100,134,221
100,100,150,286
100,100,118,222
100,100,107,234
100,100,103,215
100,100,103,214
100,100,103,215
100,100,228,280
100,100,161,292
100,100,195,272
100,100,103,216
100,100,150,268
100,100,107,222
100,100,151,286
100,100,150,221
100,100,181,309
100,100,103,214
100,100,104,216
100,100,103,247
100,100,104,213
100,100,151,386
100,100,124,217
100,100,103,246
100,100,104,217
100,100,121,213
100,100,103,243
100,100,103,214
100,100,162,270
100,100,104,217
100,100,103,216
100,100,103,216
100,100,173,289
100,100,103,216
100,100,103,217
100,100,162,421
100,100,103,217
100,100,103,218
100,100,103,217
100,100,107,232
100,100,116,229
100,100,174,328
100,100,133,232
100,100,173,298
100,100,104,216
100,100,103,219
100,100,104,217
100,100,103,218
100,100,103,215
100,100,103,215
100,100,103,214
100,100,103,218
100,100,103,241
100,100,174,290
100,100,103,218
100,100,104,304
100,100,103,217
100,100,103,216
100,100,103,216
100,100,103,213
100,100,150,272
100,100,103,216
100,100,103,216
100,100,104,217
100,100,120,217
100,100,104,271
100,100,103,213
100,100,103,213
100,100,103,213
100,100,103,255
100,100,124,236
100,100,152,359
100,100,185,306
100,100,107,222
100,100,196,366
100,100,104,248
100,100,103,217
100,100,104,215
100,100,103,215
100,100,104,216
100,100,103,214
100,100,104,245
100,100,116,231
100,100,104,215
100,100,103,217
100,100,104,271
100,100,103,214
100,100,103,211
100,100,103,214
100,100,152,336
100,100,106,219
100,100,104,243
100,100,103,214
100,100,151,267
100,100,205,290
100,100,122,222
100,100,103,214
100,100,104,216
100,100,151,277
100,100,104,215
100,100,103,218
100,100,104,217
100,100,104,214
100,100,118,220
100,100,180,419
100,100,104,216
100,100,103,213
100,100,103,217
100,100,151,276
100,100,103,216
100,100,103,215
100,100,103,217
100,100,150,295
100,100,135,216
100,100,103,212
100,100,107,222
100,100,104,215
100,100,103,216
100,100,103,217
100,100,103,212
100,100,150,359
100,100,122,252
100,100,213,250
100,100,129,215
100,100,103,216
100,100,103,216
100,100,180,332
100,100,103,216
100,100,103,216
100,100,254,292
100,100,103,213
100,100,103,216
100,100,176,285
100,100,103,216
100,100,104,215
100,100,103,216
100,100,103,215
100,100,103,214
100,100,108,293
100,100,103,220
100,100,104,215
100,100,103,216
100,100,104,215
100,100,103,213
100,100,104,312
100,100,122,217
100,100,104,213
100,100,103,215
100,100,104,216
100,100,103,217
100,100,169,385
100,100,103,217
100,100,103,213
100,100,103,215
100,100,103,216
100,100,103,213
100,100,150,370
100,100,103,217
100,100,166,401
100,100,103,211
100,100,162,283
100,100,149,270
100,100,103,216
100,100,150,306
100,100,107,264
100,100,103,214
100,100,104,216
100,100,150,276
100,100,104,216
100,100,150,289
100,100,174,307
100,100,180,303
100,100,184,323
100,100,103,215
100,100,104,217
100,100,215,349
100,100,174,398
100,100,103,216
100,100,178,306
100,100,103,217
100,100,120,234
100,100,103,215
100,100,103,217
100,100,104,218
100,100,106,231
100,100,219,309
100,100,118,212
100,100,103,216
100,100,104,217
100,100,104,215
100,100,103,216
100,100,103,217
100,100,103,213
100,100,103,218
100,100,103,216
100,100,151,293
100,100,103,213
100,100,104,217
100,100,103,218
100,100,104,217
100,100,104,217
100,100,155,304
100,100,103,218
100,100,199,325
100,100,103,215
100,100,104,215
100,100,103,215
100,100,107,221
100,100,103,217
100,100,104,215
100,100,103,214
100,100,103,216
100,100,103,215
100,100,104,216
100,100,180,303
100,100,174,292
100,100,174,336
100,100,104,213
100,100,103,215
100,100,172,279
100,100,103,213
100,100,104,214
100,100,103,212
100,100,150,213
100,100,104,233
100,100,164,431
100,100,103,216
100,100,103,212
100,100,103,217
100,100,103,212
100,100,169,273
100,100,103,213
100,100,104,216
100,100,103,213
100,100,107,221
100,100,106,221
100,100,107,226
100,100,152,278
100,100,103,213
100,100,117,219
100,100,107,248
100,100,160,367
100,100,180,304
100,100,117,213
100,100,103,227
100,100,107,247
100,100,103,215
100,100,103,282
100,100,103,217
100,100,103,213
100,100,104,216
100,100,104,236
100,100,103,215
100,100,103,211
100,100,103,216
100,100,174,340
100,100,103,214
100,100,103,215
100,100,104,215
100,100,167,216
100,100,103,216
100,100,104,298
100,100,104,218
100,100,103,213
100,100,104,214
100,100,103,218
100,100,104,212
100,100,103,212
100,100,104,216
100,100,107,220
100,100,104,213
100,100,103,212
100,100,173,352
100,100,103,215
100,100,103,215
100,100,103,217
100,100,103,215
100,100,103,261
100,100,103,215
100,100,103,217
100,100,104,252
100,100,103,217
100,100,103,212
100,100,103,217
100,100,103,216
100,100,103,215
100,100,103,216
100,100,103,216
100,100,103,213
100,100,103,217
100,100,103,216
100,100,107,229
100,100,149,276
100,100,103,216
100,100,104,216
100,100,103,215
100,100,103,248
100,100,103,214
100,100,170,266
100,100,103,216
100,100,103,217
100,100,183,332
100,100,103,215
100,100,103,213
100,100,103,215
100,100,103,218
100,100,109,238
100,100,112,239
100,100,226,290
100,100,103,214
100,100,115,267
100,100,103,213
100,100,104,219
100,100,183,300
100,100,103,214
100,100,103,215
100,100,103,216
100,100,139,216
100,100,103,215
100,100,104,214
100,100,103,213
100,100,174,310
100,100,122,222
100,100,104,214
100,100,103,260
100,100,104,213
100,100,103,213
100,100,228,261
100,100,238,300
100,100,181,274
100,100,103,214
100,100,104,214
100,100,103,212
100,100,242,353
100,100,103,214
100,100,159,279
100,100,159,299
100,100,104,214
100,100,107,222
100,200,207,270
100,200,392,459
100,200,342,264
100,200,199,261
100,200,497,349
100,200,348,489
100,200,498,453
100,200,290,495
100,200,200,248
100,200,206,278
100,200,206,255
100,200,199,268
100,200,200,248
100,200,199,269
100,200,199,269
100,200,200,251
100,200,316,520
100,200,207,309
100,200,247,345
100,200,377,368
200,200,392,259
200,200,737,415
200,200,423,350
200,200,660,553
200,200,690,389
200,200,525,371
200,200,590,305
200,200,585,369
200,200,391,280
200,200,550,279
200,200,391,254
200,200,458,329
200,200,392,285
200,200,391,253
200,200,394,282
200,200,391,251
200,200,445,282
200,200,391,348
200,200,392,254
200,200,446,281
200,200,391,251
200,200,435,271
200,200,390,252
200,200,690,437
200,200,391,278
200,200,462,254
200,200,391,281
200,200,743,358
200,200,580,408
200,200,412,261
200,200,473,255
200,200,392,256
200,200,443,257
200,200,415,412
200,200,390,255
200,200,390,251
200,200,435,325
200,200,391,256
200,200,441,263
200,200,415,274
200,200,706,368
200,200,688,369
200,200,583,321
200,200,473,259
200,200,393,254
200,200,393,255
200,200,391,254
200,200,392,254
200,200,443,299
200,200,408,299
200,200,392,254
200,200,438,252
200,200,393,256
200,200,701,367
200,200,472,256
200,200,393,255
200,200,393,255
200,200,494,254
200,200,394,254
200,200,576,357
200,200,393,284
200,200,576,387
200,200,460,256
200,200,409,251
200,200,584,377
200,200,444,275
200,200,390,253
200,200,390,252
200,200,573,257
200,200,392,252
200,200,390,255
200,200,447,251
200,200,472,286
200,200,426,254
200,200,391,254
200,200,462,256
200,200,392,253
200,200,465,253
200,200,497,328
200,200,392,254
200,200,405,284
200,200,390,252
200,200,402,251
200,200,391,257
200,200,549,254
200,200,574,344
200,200,392,254
200,200,582,396
200,200,390,254
200,200,595,324
200,200,391,253
200,200,390,257
200,200,447,258
200,200,392,256
200,200,600,387
200,200,392,255
200,200,450,255
200,200,417,333
200,200,392,319
200,200,469,255
200,200,420,326
200,200,391,251
200,200,491,255
200,200,782,362
200,200,716,363
200,200,619,323
200,200,391,253
200,200,391,256
200,200,390,254
200,200,646,345
200,200,391,252
200,200,391,255
200,200,717,359
200,200,390,276
200,200,461,253
200,200,391,256
200,200,545,338
200,200,496,325
200,200,392,313
200,200,439,326
200,200,391,253
200,200,391,255
200,200,391,254
200,200,624,335
200,200,390,254
200,200,419,257
200,200,392,254
200,200,427,252
200,200,687,331
200,200,393,253
200,200,448,312
200,200,600,287
200,200,393,253
200,200,438,253
200,200,394,316
200,200,438,261
200,200,414,260
200,200,669,259
200,200,393,250
200,200,393,255
200,200,393,259
200,200,393,254
200,200,425,265
200,200,393,254
200,200,393,257
200,200,573,371
200,200,393,256
200,200,393,257
200,200,627,350
200,200,392,251
200,200,393,288
200,200,643,926
200,200,446,253
200,200,393,254
200,200,393,251
200,200,394,325
200,200,962,404
200,200,497,253
200,200,393,252
200,200,391,255
200,200,441,254
200,200,442,325
200,200,393,255
200,200,392,252
200,200,394,252
200,200,709,418
200,200,465,256
200,200,394,256
200,200,596,253
200,200,665,401
200,200,424,286
200,200,608,329
200,200,425,252
200,200,448,255
200,200,392,254
200,200,414,254
200,200,391,256
200,200,566,396
200,200,457,255
200,200,393,252
200,200,570,313
200,200,453,252
200,200,505,376
200,200,637,327
200,200,953,382
200,200,406,270
200,200,839,389
200,200,407,345
200,200,623,262
200,200,393,252
200,200,460,263
200,200,435,262
200,200,487,407
200,200,768,325
200,200,455,299
200,200,407,264
200,200,412,266
200,200,425,272
200,200,440,284
200,200,606,441
200,200,467,359
200,200,510,706
200,200,392,254
200,200,393,251
200,200,426,252
200,200,641,341
200,200,462,323
200,200,393,256
200,200,636,328
200,200,407,263
200,200,416,270
200,200,574,357
200,200,393,252
200,200,393,260
200,200,441,282
200,200,407,287
200,200,424,252
200,200,458,254
200,200,592,373
200,200,392,256
200,200,685,305
200,200,392,257
200,200,1360,391
200,200,412,252
200,200,435,280
200,200,393,255
200,200,624,399
200,200,594,295
200,200,447,253
200,200,391,254
200,200,857,322
200,200,392,254
200,200,570,445
200,200,391,254
200,200,392,254
200,200,448,254
200,200,391,255
200,200,652,358
200,200,638,307
200,200,391,253
200,200,448,253
200,200,392,253
200,200,601,351
200,200,416,253
200,200,391,254
200,200,590,332
200,200,466,255
200,200,634,296
200,200,463,255
200,200,393,249
200,200,731,361
200,200,671,312
200,200,465,265
200,200,472,255
200,200,695,477
200,200,443,254
200,200,462,253
200,200,672,371
200,200,405,262
300,200,630,288
300,200,1123,515
300,200,884,280
300,200,586,323
300,200,677,295
300,200,954,304
300,200,685,456
300,200,617,283
300,200,669,255
300,200,649,289
300,200,603,264
300,200,712,264
300,200,716,325
300,200,1434,589
300,200,584,279
300,200,646,258
300,200,603,256
300,200,879,344
300,200,648,274
300,200,583,270
300,200,862,285
300,200,583,323
300,200,824,338
300,200,781,334
300,200,602,257
300,200,583,254
300,200,627,257
300,300,901,357
300,300,1602,395
300,300,930,369
300,300,1633,521
300,300,1905,518
300,300,899,395
300,300,1002,391
300,300,927,335
300,300,1143,341
300,300,941,410
300,300,993,417
300,300,982,374
300,300,991,480
300,300,927,366
300,300,931,317
300,300,1249,385
300,300,1065,316
300,300,1167,348
300,300,914,315
300,300,959,313
300,300,891,315
300,300,932,317
300,300,934,432
300,300,1388,486
300,300,1065,455
300,300,907,324
300,300,937,316
300,300,946,314
300,300,958,393
300,300,936,342
300,300,1224,430
300,300,1007,322
300,300,918,332
300,300,1081,545
300,300,941,320
300,300,1577,464
300,300,932,317
300,300,915,318
300,300,933,315
300,300,1559,473
300,300,927,321
300,300,1523,439
300,300,1012,453
300,300,1320,336
300,300,868,314
300,300,1343,412
300,300,924,385
300,300,941,319
300,300,945,379
300,300,1568,471
300,300,888,361
300,300,966,318
300,300,895,318
300,300,890,316
300,300,917,313
300,300,916,317
300,300,948,330
300,300,916,314
300,300,924,326
300,300,1249,423
300,300,1067,320
300,300,868,314
300,300,913,314
300,300,941,318
300,300,1167,317
300,300,1321,464
300,300,1145,344
300,300,921,317
300,300,870,372
300,300,1025,416
300,300,924,316
300,300,1152,314
300,300,893,319
300,300,892,318
300,300,961,319
300,300,911,314
300,300,940,315
300,300,1287,430
300,300,892,318
300,300,1061,391
300,300,924,315
300,300,945,314
300,300,1554,457
300,300,882,316
300,300,1224,416
300,300,938,314
300,300,961,318
300,300,867,311
300,300,919,311
300,300,928,315
300,300,2582,536
300,300,978,318
300,300,892,318
300,300,892,316
300,300,918,315
300,300,869,344
300,300,926,316
300,300,922,320
300,300,870,316
300,300,926,318
300,300,947,326
300,300,943,318
300,300,868,314
300,300,917,315
300,300,935,318
300,300,1547,500
300,300,971,408
300,300,868,319
300,300,926,313
300,300,1018,508
300,300,940,387
300,300,1241,520
300,300,920,313
300,300,1205,442
300,300,926,393
300,300,917,376
300,300,961,447
300,300,1242,315
300,300,968,313
300,300,1566,455
300,300,972,316
300,300,1027,314
300,300,1386,452
300,300,1153,459
300,300,1310,356
300,300,919,315
300,300,924,424
300,300,869,382
300,300,1332,449
300,300,950,317
300,300,922,317
300,300,1311,313
300,300,915,313
300,300,871,314
300,300,1303,446
300,300,917,326
300,300,970,410
300,300,1512,438
300,300,917,379
300,300,919,314
300,300,870,314
300,300,928,315
300,300,919,314
300,300,1581,469
300,300,1234,328
300,300,871,449
300,300,1113,313
300,300,915,316
300,300,1322,459
300,300,934,318
300,300,921,315
300,300,996,313
300,300,976,316
300,300,939,318
300,300,941,327
300,300,923,316
300,300,956,378
300,300,923,315
300,300,927,316
300,300,932,397
300,300,1391,590
300,300,1326,403
300,300,1439,440
300,300,969,315
300,300,922,317
300,300,923,316
300,300,1113,417
300,300,992,319
300,300,918,318
300,300,1012,315
300,300,984,312
300,300,979,325
300,300,868,314
300,300,934,345
300,300,939,323
300,300,870,313
300,300,979,312
300,300,993,317
300,300,967,314
300,300,991,323
300,300,869,380
300,300,1274,489
300,300,1049,484
300,300,921,316
300,300,973,315
300,300,951,318
300,300,1105,317
300,300,932,316
300,300,1536,478
300,300,869,318
300,300,941,315
300,300,942,313
300,300,921,316
300,300,914,316
300,300,868,318
300,300,925,317
300,300,959,315
300,300,870,310
300,300,920,315
300,300,1319,348
300,300,928,329
300,300,915,400
300,300,936,316
300,300,921,314
300,300,1348,377
300,300,870,314
300,300,1064,411
300,300,913,315
300,300,1013,316
300,300,1416,492
300,300,936,315
300,300,1186,462
300,300,1119,439
300,300,871,443
300,300,1192,317
300,300,1016,550
300,300,1053,315
300,300,915,312
300,300,931,321
300,300,1514,466
300,300,934,321
300,300,1549,452
300,300,1879,323
300,300,869,318
300,300,934,325
300,300,1977,314
300,300,868,314
300,300,1379,317
300,300,927,348
300,300,921,315
300,300,951,402
300,300,1209,577
300,300,1270,492
300,300,938,316
300,300,924,319
300,300,928,316
300,300,931,319
300,300,1575,468
300,300,871,375
300,300,1313,417
300,300,1300,315
300,300,871,315
300,300,921,316
300,300,1575,662
300,300,870,316
300,300,911,312
300,300,1137,547
300,300,1277,456
300,300,884,374
300,300,929,314
300,300,913,314
300,300,988,320
300,300,924,331
300,300,985,317
300,300,931,314
300,300,910,313
300,300,871,374
300,300,915,314
300,300,928,318
300,300,921,357
300,300,1218,380
300,300,934,343
300,300,916,317
300,300,942,319
300,300,932,318
300,300,923,312
300,300,962,324
300,300,925,318
300,300,893,316
300,300,936,314
300,300,1003,314
300,300,980,315
300,300,871,317
300,300,894,315
300,300,1213,451
300,300,945,316
300,300,1215,433
300,300,917,315
300,300,916,311
300,300,871,313
300,300,930,315
300,300,1034,416
300,300,920,449
300,300,929,396
300,300,915,314
300,300,1448,459
300,300,942,314
300,300,906,343
300,300,871,326
300,300,1085,318
300,300,918,311
300,300,1265,433
300,300,1172,499
300,300,1031,411
300,300,1324,461
300,300,948,314
300,300,932,371
300,300,919,315
300,300,1327,414
300,300,916,335
300,300,935,327
300,300,948,312
300,300,1968,1322
300,300,871,315
300,300,971,330
300,300,1559,548
300,300,930,404
300,300,1470,316
300,300,926,316
300,300,919,328
300,300,924,316
300,300,1192,500
300,300,936,314
300,300,921,315
300,300,928,312
300,300,924,327
300,300,931,328
300,300,950,314
300,300,914,312
300,300,1461,469
300,300,915,313
300,300,1009,318
300,300,897,343
300,300,923,318
300,300,936,316
300,300,935,316
300,300,933,314
300,300,936,317
300,300,941,316
300,300,870,408
300,300,918,312
300,300,973,965
300,300,927,315
300,300,937,315
300,300,927,314
300,300,1228,533
300,300,987,318
300,300,947,344
300,300,909,315
300,300,1056,435
300,300,929,317
300,300,894,314
300,300,1068,433
300,300,968,325
300,300,919,314
300,300,1360,438
300,300,939,314
300,300,934,313
300,300,926,316
300,300,1259,313
300,300,922,315
300,300,940,441
300,300,919,316
300,300,947,317
300,300,989,321
300,300,918,313
300,300,914,323
300,300,874,329
300,300,932,321
300,300,926,315
300,300,922,317
300,300,958,317
300,300,917,379
300,300,927,315
300,300,926,315
300,300,867,314
300,300,1016,316
300,300,884,349
300,300,922,315
300,300,1296,387
300,300,1141,429
300,300,938,314
300,300,1496,463
300,300,937,405
300,300,976,399
300,300,927,322
300,300,945,362
300,300,996,364
300,300,900,315
300,300,1074,484
300,300,917,354
300,300,932,408
300,300,1371,561
300,300,934,315
300,300,925,318
300,300,917,315
300,300,928,316
300,300,949,414
300,300,937,323
300,300,923,310
300,300,948,408
300,300,991,314
300,300,889,315
300,300,867,327
300,300,931,323
300,300,938,317
300,300,931,322
300,300,946,316
300,300,922,372
300,300,932,320
300,300,950,349
300,300,1001,316
300,300,940,318
300,300,1031,373
300,300,1076,460
300,300,938,427
300,300,1163,433
300,300,1082,484
300,300,925,353
300,300,1530,473
300,300,1196,325
300,300,951,394
300,300,882,376
300,300,2032,433
300,300,935,324
300,300,1286,434
300,300,965,317
300,300,936,317
300,300,922,316
300,300,933,325
300,300,1277,440
300,300,938,315
300,300,942,325
300,300,1523,418
300,300,1183,406
300,300,1039,314
300,300,913,316
300,300,940,315
300,300,1342,350
300,300,969,338
300,300,1047,328
300,300,1145,485
300,300,923,315
300,300,915,314
300,300,1038,314
300,300,893,314
300,300,983,314
300,300,902,323
300,300,932,315
300,300,1793,424
300,300,898,317
300,300,936,316
300,300,923,316
300,300,941,352
300,300,882,457
300,300,936,315
300,300,1002,312
300,300,945,318
300,300,919,315
300,300,970,316
300,300,1683,435
300,300,953,318
300,300,915,313
300,300,923,329
300,300,1272,314
300,300,1295,451
300,300,925,540
300,300,913,315
300,300,912,315
300,300,1333,457
300,300,867,382
300,300,1274,431
300,300,1432,461
300,300,916,328
300,300,920,312
300,300,918,312
300,300,1171,377
300,300,1045,341
300,300,946,358
300,300,1114,342
300,300,1273,315
300,300,912,333
300,300,1081,482
300,300,1285,313
300,300,1220,515
300,300,1041,314
300,300,1544,465
300,300,970,350
300,300,939,316
300,300,1341,315
300,300,1476,362
300,300,1686,430
300,300,1597,423
300,300,2114,460
300,300,870,313
300,300,2011,403
300,300,2093,409
300,300,1652,423
300,300,1313,506
300,300,2190,747
300,300,1040,644
300,300,933,315
300,300,1091,403
300,300,1686,444
300,300,1882,424
300,300,2458,429
300,300,1473,538
300,300,919,325
300,300,924,316
300,300,1389,450
300,300,952,346
300,300,937,320
300,300,870,375
300,300,928,318
300,300,915,323
300,300,1357,461
300,300,1145,415
300,300,968,493
300,400,1255,329
300,400,1889,329
300,400,2093,413
300,400,2014,557
300,400,2194,542
300,400,1358,324
300,400,2850,710
300,400,2771,435
300,400,2661,501
300,400,2677,514
300,400,2753,427
300,400,2329,439
300,400,1323,439
300,400,1351,474
300,400,1247,478
300,400,1222,320
300,400,2644,501
300,400,2037,460
400,400,1628,381
400,400,3103,522
400,400,2564,506
400,400,2268,487
400,400,2026,637
400,400,2155,478
400,400,1643,351
400,400,1622,338
400,400,1629,341
400,400,1602,339
400,400,1600,356
400,400,1601,350
400,400,1568,340
400,400,1681,477
400,400,1660,322
400,400,2386,353
400,400,2536,508
400,400,1614,323
400,400,1623,324
400,400,1590,319
400,400,3550,501
400,400,2149,473
400,400,1600,323
400,400,1861,577
400,400,1559,322
400,400,1597,369
400,400,1595,350
400,400,1626,350
400,400,1841,429
400,400,1999,455
400,400,1631,324
400,400,2244,323
400,400,1663,322
400,400,1592,324
400,400,1586,344
400,400,1604,323
400,400,1587,337
400,400,1588,339
400,400,1585,323
400,400,1598,324
400,400,1607,366
400,400,1591,321
400,400,1602,324
400,400,2744,399
400,400,1834,345
400,400,1856,476
400,400,1699,459
400,400,1542,541
400,400,1685,329
400,400,1846,319
400,400,2040,625
400,400,1640,331
400,400,1646,323
400,400,2303,441
400,400,1846,323
400,400,1638,317
400,400,1621,354
400,400,1832,436
400,400,1937,443
400,400,1583,318
400,400,2059,341
400,400,1581,319
400,400,2306,487
400,400,1646,322
400,400,1597,319
400,400,1748,323
400,400,1610,323
400,400,2010,472
400,400,1586,323
400,400,1565,357
400,400,1876,319
400,400,1895,424
400,400,1624,321
400,400,1625,387
400,400,1556,323
400,400,1917,444
400,400,1618,323
400,400,1626,322
400,400,1604,357
400,400,1666,321
400,400,1883,321
400,400,1607,336
400,400,1604,323
400,400,1594,323
400,400,1605,321
400,400,1681,324
400,400,2257,486
400,400,2107,324
400,400,1541,442
400,400,2647,513
400,400,1606,324
400,400,1631,331
400,400,1598,324
400,400,1586,321
400,400,1589,349
400,400,1724,325
400,400,1590,323
400,400,1586,319
400,400,1683,324
400,400,1596,323
400,400,1595,351
400,400,1561,325
400,400,1609,324
400,400,1645,319
400,400,1637,318
400,400,1688,381
400,400,1629,403
400,400,1648,323
400,400,2186,474
400,400,1586,320
400,400,1589,319
400,400,1583,327
400,400,1607,327
400,400,2306,460
400,400,1586,325
400,400,1615,320
400,400,1590,323
400,400,1593,321
400,400,1554,381
400,400,1589,323
400,400,1587,320
400,400,1596,325
400,400,1598,366
400,400,1556,356
400,400,1640,344
400,400,1677,385
400,400,1628,332
400,400,3583,461
400,400,1629,323
400,400,1594,393
400,400,1640,462
400,400,1629,353
400,400,1717,495
400,400,2054,323
400,400,1631,324
400,400,1643,321
400,400,1605,326
400,400,1635,325
400,400,1583,331
400,400,1555,373
400,400,1596,323
400,400,1952,330
400,400,1637,347
400,400,1609,338
400,400,1541,375
400,400,1636,322
400,400,2722,359
400,400,1596,322
400,400,1589,323
400,400,1595,337
400,400,1652,348
400,400,2075,398
400,400,1568,338
400,400,1564,373
400,400,2243,474
400,400,1599,336
400,400,1555,355
400,400,1905,370
400,400,2157,422
400,400,2188,500
400,400,1643,325
400,400,1585,354
400,400,1608,323
400,400,1791,529
400,400,1967,324
400,400,2214,330
400,400,1690,443
400,400,1593,325
400,400,1564,367
400,400,1602,326
400,400,1588,322
400,400,1540,381
400,400,1702,320
400,400,1580,317
400,400,1820,422
400,400,1622,322
400,400,2199,364
400,400,1583,318
400,400,1611,320
400,400,1540,399
400,400,1594,318
400,400,1587,323
400,400,1635,324
400,400,1587,323
400,400,1540,379
400,400,1620,322
400,400,1583,319
400,400,1591,319
400,400,1582,317
400,400,1927,417
400,400,2235,445
400,400,1663,330
400,400,2483,318
400,400,1589,319
400,400,1591,382
400,400,1651,361
400,400,1807,534
400,400,1609,319
400,400,1684,324
400,400,1694,495
400,400,2676,483
400,400,1597,321
400,400,1589,321
400,400,1592,323
400,400,1637,420
400,400,1704,320
400,400,1602,339
400,400,2036,740
400,400,1634,393
400,400,1635,557
400,400,1836,319
400,400,1847,323
400,400,1819,450
400,400,1655,323
400,400,1621,325
400,400,2843,463
400,400,2020,318
400,400,2346,508
400,400,1646,323
400,400,2019,325
400,400,1558,392
400,400,1612,323
400,400,1602,319
400,400,1593,324
400,400,1604,321
400,400,1814,488
400,400,1593,322
400,400,1540,400
400,400,1971,429
400,400,1587,323
400,400,2076,326
400,400,1604,323
400,400,1593,319
400,400,1952,439
400,400,3524,411
400,400,1624,359
400,400,1620,330
400,400,1601,319
400,400,1599,319
400,400,1633,319
400,400,3536,412
400,400,3495,445
400,400,1649,344
400,400,1962,354
400,400,1835,319
400,400,3539,534
400,400,1816,427
400,400,1710,416
400,400,2271,533
400,400,1591,324
400,400,1611,329
400,400,1643,348
400,400,1578,331
400,400,1607,337
400,400,1757,341
400,400,1793,363
400,400,1581,320
400,400,1701,327
500,400,1975,335
500,400,2018,387
500,400,2275,424
500,400,3430,534
500,400,2331,334
500,400,3486,323
500,400,2149,349
500,400,3115,718
500,400,2342,376
500,400,2415,339
500,400,1996,329
500,400,1974,349
500,400,2000,322
500,400,1981,321
500,400,2286,360
500,400,2690,527
500,400,3403,455
500,400,2042,379
500,400,2037,341
500,400,3343,768
500,500,4804,496
500,500,2780,460
500,500,3048,644
500,500,2577,451
500,500,2941,496
500,500,3965,480
500,500,2721,478
500,500,3325,337
500,500,2445,349
500,500,2604,452
500,500,3010,363
500,500,2461,325
500,500,2514,334
500,500,3167,346
500,500,2516,343
500,500,3379,433
500,500,2469,343
500,500,2529,621
500,500,3075,355
500,500,2478,354
500,500,2445,343
500,500,2449,328
500,500,3028,490
500,500,2444,352
500,500,2947,397
500,500,2903,557
500,500,2451,354
500,500,3054,388
500,500,2465,333
500,500,2491,329
500,500,2738,371
500,500,2919,323
500,500,3416,322
500,500,2418,328
500,500,2466,328
500,500,2508,328
500,500,2615,453
500,500,3220,571
500,500,3137,325
500,500,3412,322
500,500,4069,532
500,500,2484,342
500,500,2886,463
500,500,2467,326
500,500,2560,327
500,500,2446,326
500,500,2442,328
500,500,2545,324
500,500,3262,323
500,500,2433,334
500,500,2488,459
500,500,2759,432
500,500,2497,373
500,500,3316,379
500,500,2994,393
500,500,2895,467
500,500,2454,327
500,500,2468,334
500,500,2492,326
500,500,2451,327
500,500,2673,531
500,500,2944,483
500,500,2463,347
500,500,2526,335
500,500,3856,494
500,500,2433,375
500,500,3630,329
500,500,2835,485
500,500,2446,324
500,500,2458,328
500,500,2960,380
500,500,2447,329
500,500,2507,329
500,500,2458,333
500,500,2487,326
500,500,2458,322
500,500,2462,327
500,500,2398,389
500,500,2469,328
500,500,2446,326
500,500,3291,511
500,500,2482,328
500,500,3547,380
500,500,2809,329
500,500,2463,329
500,500,2562,451
500,500,2458,328
500,500,2479,328
500,500,2436,385
500,500,2468,393
500,500,2472,330
500,500,3152,323
500,500,2513,345
500,500,4072,456
500,500,2399,392
500,500,2441,363
500,500,2851,410
500,500,2517,369
500,500,2515,336
500,500,2474,408
500,500,2485,483
500,500,4039,425
500,500,5142,382
500,500,2426,335
500,500,2502,328
500,500,2476,324
500,500,2995,323
500,500,2516,325
500,500,2542,325
500,500,2447,330
500,500,2491,339
500,500,2450,329
500,500,2435,327
500,500,2467,321
500,500,2423,328
500,500,2544,377
500,500,2423,331
500,500,3049,330
500,500,2898,327
500,500,2986,395
500,500,2461,326
500,500,2478,328
500,500,3085,457
500,500,2487,322
500,500,2447,399
500,500,4093,465
500,500,2480,324
500,500,2503,328
500,500,3667,326
500,500,2814,472
500,500,2512,349
500,500,2738,323
500,500,2455,332
500,500,2453,345
500,500,3076,426
500,500,2448,323
500,500,2881,327
500,500,3067,474
500,500,2755,426
500,500,2441,324
500,500,2447,328
500,500,2487,330
500,500,2477,323
500,500,2437,322
500,500,2464,329
500,500,2834,338
500,500,2448,323
500,500,2480,498
500,500,2743,374
500,500,2767,326
500,500,2669,352
500,500,2991,329
500,500,3482,435
500,500,2477,323
500,500,2462,329
500,500,2450,328
500,500,2496,327
500,500,2451,326
500,500,2875,477
500,500,2480,327
500,500,2456,324
500,500,2445,322
500,500,2900,328
500,500,2726,469
500,500,2449,328
500,500,2430,340
500,500,2495,326
500,500,2484,331
500,500,2477,330
500,500,3538,430
500,500,4971,329
500,500,2528,355
500,500,2471,329
500,500,2414,324
500,500,2419,350
500,500,2413,385
500,500,3647,427
500,500,2462,327
500,500,2399,395
500,500,2437,324
500,500,2450,327
500,500,2469,325
500,500,3237,375
500,500,2453,404
500,500,3202,432
500,500,2494,327
500,500,2495,431
500,500,2532,330
500,500,2449,328
500,500,2441,330
500,500,3127,514
500,500,2674,515
500,500,2474,332
500,500,2442,356
500,500,2398,385
500,500,2864,329
500,500,3544,451
500,500,2507,323
500,500,2522,330
500,500,2452,328
500,500,2930,323
500,500,3441,567
500,500,2435,324
500,500,2455,329
500,500,5549,344
500,500,2958,328
500,500,2465,328
500,500,2916,327
500,500,2444,325
500,500,3076,496
500,500,3508,358
500,500,2490,329
500,500,2505,330
500,500,2448,325
500,500,2439,324
500,500,2456,325
500,500,2487,328
500,500,3021,335
500,500,2875,328
500,500,2461,331
500,500,2484,324
500,500,2930,323
500,500,2646,403
500,500,2399,379
500,500,2449,326
500,500,2456,326
500,500,2441,328
500,500,2512,327
500,500,2699,456
500,500,2494,334
500,500,2539,429
500,500,2777,329
500,500,2511,329
500,500,2429,366
500,500,2417,328
500,500,2456,324
500,500,2443,324
500,500,3549,357
500,500,3475,556
500,500,3115,495
500,500,2460,329
500,500,2903,330
500,500,2451,324
500,500,2457,323
500,500,2486,327
500,500,2460,338
500,500,2479,353
500,500,2479,322
500,500,4575,485
500,500,2538,335
500,500,2931,505
500,500,2467,404
500,500,2490,323
500,500,3294,641
500,500,2890,325
500,500,3621,336
500,500,2540,502
500,500,2564,335
500,500,3662,493
500,500,2665,451
500,500,2478,329
500,500,3314,324
500,500,2455,326
500,500,2474,334
500,500,2497,338
500,500,3520,981
500,500,4022,565
500,500,3177,360
500,600,3122,552
500,600,2875,508
500,600,3543,545
500,600,6922,698
500,600,5735,1560
500,600,3526,532
500,600,3028,489
500,600,4721,737
500,600,5317,751
500,600,5252,716
500,600,3517,519
500,600,3158,479
500,600,3005,512
500,600,3273,766
500,600,4057,450
500,600,3130,657
500,600,4292,651
500,600,3790,494
500,600,2950,501
600,600,3881,533
600,600,3596,515
600,600,3525,481
600,600,4370,572
600,600,3819,608
600,600,3735,678
600,600,3503,488
600,600,3454,537
600,600,3541,456
600,600,4526,599
600,600,3591,545
600,600,5934,684
600,600,3663,674
600,600,3498,454
600,600,3536,474
600,600,3510,532
600,600,3621,652
600,600,3523,517
600,600,4165,471
600,600,3623,471
600,600,3641,471
600,600,3595,527
600,600,3983,729
600,600,3594,453
600,600,5968,654
600,600,3616,487
600,600,3911,653
600,600,3690,462
600,600,3609,496
600,600,3611,459
600,600,3590,520
600,600,4747,461
600,600,4083,460
600,600,4718,511
600,600,3672,459
600,600,3494,495
600,600,3521,504
600,600,4649,458
600,600,3475,459
600,600,3493,516
600,600,3588,504
600,600,7000,481
600,600,3489,521
600,600,3591,457
600,600,3485,504
600,600,3513,519
600,600,3484,522
600,600,3506,460
600,600,3510,459
600,600,3452,504
600,600,6079,674
600,600,3630,568
600,600,3502,511
600,600,3828,472
600,600,4992,530
600,600,3953,460
600,600,3911,521
600,600,4178,673
600,600,3901,708
600,600,4228,515
600,600,4262,458
600,600,3829,517
600,600,3524,461
600,600,3814,674
600,600,3878,666
600,600,3667,453
600,600,3491,513
600,600,3524,464
600,600,3585,458
600,600,3593,455
600,600,3921,459
600,600,3463,455
600,600,3541,459
600,600,4127,649
600,600,3905,664
600,600,4129,454
600,600,3518,462
600,600,4527,630
600,600,4290,462
600,600,3502,512
600,600,3982,697
600,600,3527,459
600,600,3497,453
600,600,3508,460
600,600,3560,546
600,600,3585,455
600,600,3536,487
600,600,4685,464
600,600,4535,462
600,600,3499,469
600,600,3965,456
600,600,5066,709
600,600,3706,461
600,600,5232,643
600,600,3719,468
600,600,3636,567
600,600,3884,640
600,600,3515,494
600,600,3498,520
600,600,3992,659
600,600,4434,483
600,600,3482,514
600,600,3501,495
600,600,3606,461
600,600,3488,532
600,600,3656,465
600,600,5212,707
600,600,3529,456
600,600,3600,460
600,600,3500,467
600,600,3802,691
600,600,3497,531
600,600,4243,460
600,600,3534,455
600,600,3571,482
600,600,4181,557
600,600,3497,524
600,600,3517,457
600,600,3563,466
600,600,3463,459
600,600,3806,560
600,600,3541,516
600,600,5292,453
600,600,4060,695
600,600,3920,698
600,600,5139,624
600,600,3494,483
600,600,3580,519
600,600,3771,509
600,600,4274,535
600,600,5038,457
600,600,3742,460
600,600,3516,460
600,600,4005,460
600,600,10278,828
600,600,4754,455
600,600,3652,455
600,600,3627,471
600,600,3567,551
600,600,4411,458
600,600,4080,457
600,600,3521,513
600,600,4172,454
600,600,4624,458
600,600,3572,617
600,600,4589,579
600,600,4046,462
600,600,3579,460
600,600,4207,516
600,600,4006,454
600,600,3525,529
600,600,4371,659
600,600,3906,465
600,600,3565,540
600,600,3981,653
600,600,3623,459
600,600,4412,517
600,600,3677,506
600,600,5125,490
600,600,3922,454
600,600,4068,614
600,600,3626,461
600,600,3656,460
600,600,3638,527
600,600,3886,499
600,600,4649,455
600,600,3543,454
600,600,3577,453
600,600,3564,457
600,600,3591,458
600,600,3543,550
600,600,3757,460
600,600,3562,498
600,600,3558,458
600,600,3511,502
600,600,3495,461
600,600,3692,671
600,600,3499,464
600,600,3487,454
600,600,4137,514
600,600,3619,455
600,600,3570,461
600,600,4083,621
600,600,3945,459
600,600,3563,506
600,600,3597,458
600,600,3783,637
600,600,4381,462
600,600,4619,516
600,600,3686,628
600,600,3606,522
600,600,4380,643
600,600,3494,452
600,600,3492,485
600,600,3509,454
600,600,3626,474
600,600,3618,565
600,600,4296,679
600,600,4596,690
600,600,3487,510
600,600,3801,679
600,600,3996,640
600,600,4749,520
600,600,3468,493
600,600,3518,521
600,600,3552,571
600,600,3667,505
600,600,5289,488
600,600,3534,583
600,600,3616,503
600,600,3616,506
600,600,3645,456
600,600,4145,482
600,600,4014,665
600,600,3820,457
600,600,3592,457
600,600,3630,460
600,600,5235,452
600,600,3565,457
600,600,3804,642
600,600,3544,490
600,600,4218,536
600,600,3491,507
600,600,3572,459
600,600,3825,515
600,600,4397,616
600,600,3688,491
600,600,4164,512
600,600,3501,462
600,600,3726,521
600,600,4693,615
600,600,3613,454
600,600,3559,453
600,600,4492,467
600,600,3948,460
600,600,3485,517
600,600,3634,459
600,600,3579,460
600,600,3653,509
600,600,3805,468
600,600,3543,524
600,600,5610,467
600,600,3508,569
600,600,3520,482
600,600,4270,456
600,600,4199,515
600,600,3584,455
600,600,3934,517
600,600,3567,454
600,600,3496,456
600,600,5874,695
600,600,3614,612
600,600,5809,595
600,600,3674,635
600,600,3511,459
600,600,4285,609
600,600,3538,489
600,600,4646,486
600,600,4133,682
600,600,4324,456
600,600,3618,454
600,600,3763,532
600,600,3554,517
600,600,3533,508
600,600,3910,583
600,600,3565,495
600,600,5359,636
600,600,3928,455
600,600,3858,457
600,600,3760,539
600,600,3948,523
600,600,4851,459
600,600,3679,552
600,600,3970,635
600,600,4088,545
600,600,3604,461
600,600,3752,527
600,600,3572,492
600,600,5039,672
600,600,3603,548
600,600,3817,488
600,600,3740,517
600,600,3886,518
600,600,3490,458
600,600,4588,456
600,600,4070,540
600,600,3655,454
600,600,3693,452
600,600,3530,455
600,600,3587,460
600,600,4184,660
600,600,3856,689
600,600,4042,528
600,600,3507,460
600,600,3530,512
600,600,3656,455
600,600,3634,458
600,600,4386,508
600,600,4157,477
600,600,3638,460
600,600,3909,636
600,600,3542,461
600,600,4613,521
600,600,3499,461
600,600,3498,453
600,600,3615,508
600,600,3493,460
600,600,4024,672
600,600,4721,642
600,600,3486,466
600,600,4053,459
600,600,4497,461
600,600,3626,460
600,600,3523,523
600,600,3535,456
600,600,3644,620
600,600,4381,690
600,600,3534,519
600,600,3676,676
600,600,4278,676
600,600,4537,469
600,600,3513,485
600,600,4122,627
600,600,3492,454
600,600,3609,459
600,600,4519,678
600,600,4652,461
600,600,4168,665
600,600,4154,561
600,600,3533,467
600,600,3776,650
600,600,4179,630
600,600,6025,646
600,600,4387,852
600,600,4670,641
600,600,4325,697
600,600,3867,685
600,600,5714,711
600,600,3559,500
600,600,4777,653
600,600,3655,507
600,600,3577,500
600,600,4099,701
600,600,3985,461
600,600,3663,518
600,600,3864,458
600,600,4675,667
600,600,3674,508
600,600,4637,459
600,600,4244,576
600,600,3593,480
600,600,4255,684
600,600,4873,582
600,600,3601,697
600,600,3547,459
600,600,3465,509
600,600,5011,682
600,600,3696,514
600,600,4103,457
600,600,3947,492
600,600,3537,460
600,600,3545,461
600,600,5679,528
600,600,4091,456
600,600,7596,633
600,600,4449,520
600,600,4628,594
600,600,7942,702
600,600,7041,656
600,600,7801,629
600,600,6469,459
600,600,7190,642
600,600,4382,656
600,600,4651,472
600,600,3691,670
600,600,4634,826
600,600,4275,668
600,600,3522,461
600,600,3500,528
600,600,3633,456
600,600,4350,559
600,600,4054,621
600,600,6352,696
600,600,3659,522
600,600,3509,455
600,600,4018,586
700,600,5826,606
700,600,4698,644
700,600,5088,472
700,600,6535,690
700,600,4868,492
700,600,4972,847
700,600,4276,476
700,600,5637,563
700,600,9184,832
700,600,6671,763
700,600,4239,630
700,600,4619,523
700,600,5232,473
700,600,4447,474
700,600,4181,461
700,600,4408,596
700,600,5288,472
700,600,8005,891
700,600,4854,630
700,600,5121,476
700,600,4491,492
700,600,4584,515
700,600,6648,763
700,600,5070,638
700,600,8137,643
700,700,5661,514
700,700,4788,478
700,700,5116,589
700,700,5081,504
700,700,5594,746
700,700,7528,466
700,700,5682,522
700,700,4820,511
700,700,4782,465
700,700,5272,556
700,700,4766,477
700,700,4802,459
700,700,5505,738
700,700,4770,484
700,700,5523,515
700,700,4691,520
700,700,5827,732
700,700,5946,544
700,700,5065,617
700,700,5093,633
700,700,5167,580
700,700,6303,458
700,700,4720,582
700,700,5677,465
700,700,4806,455
700,700,5793,531
700,700,4934,535
700,700,5094,680
700,700,4872,466
700,700,5811,605
700,700,5339,464
700,700,4778,525
700,700,4867,540
700,700,4714,461
700,700,5800,570
700,700,4819,457
700,700,4750,616
700,700,5619,649
700,700,4724,465
700,700,6142,520
700,700,4788,541
700,700,7154,602
700,700,4829,462
700,700,4868,710
700,700,4761,461
700,700,6173,683
700,700,4730,532
700,700,5213,550
700,700,4790,464
700,700,4732,564
700,700,4806,466
700,700,4845,466
700,700,5644,464
700,700,6701,533
700,700,6046,457
700,700,4745,535
700,700,4942,490
700,700,5155,464
700,700,4722,525
700,700,4842,463
700,700,4736,523
700,700,5433,677
700,700,4798,461
700,700,4689,476
700,700,4881,463
700,700,4688,525
700,700,4945,632
700,700,4819,493
700,700,4811,506
700,700,6059,464
700,700,6174,463
700,700,5858,535
700,700,5547,462
700,700,5421,459
700,700,4947,549
700,700,5425,510
700,700,4811,517
700,700,4911,464
700,700,4857,533
700,700,4907,508
700,700,5764,691
700,700,5401,520
700,700,5387,541
700,700,5182,567
700,700,6344,474
700,700,5426,638
700,700,6390,693
700,700,5074,463
700,700,5002,674
700,700,5236,462
700,700,4796,517
700,700,5252,463
700,700,5452,505
700,700,5356,510
700,700,4821,461
700,700,6399,691
700,700,4768,521
700,700,5881,696
700,700,5205,607
700,700,5919,559
700,700,4818,463
700,700,4836,522
700,700,4821,539
700,700,4752,458
700,700,4781,522
700,700,5031,460
700,700,4790,458
700,700,4816,459
700,700,5692,549
700,700,6035,553
700,700,5263,540
700,700,4750,581
700,700,5229,713
700,700,4754,496
700,700,4819,525
700,700,4772,507
700,700,5198,635
700,700,4985,684
700,700,5220,462
700,700,6040,708
700,700,4803,465
700,700,5162,477
700,700,5097,510
700,700,5172,461
700,700,5898,504
700,700,4779,532
700,700,4833,465
700,700,4729,463
700,700,4787,475
700,700,4923,508
700,700,4968,457
700,700,6347,669
700,700,4927,464
700,700,4806,518
700,700,6220,534
700,700,5500,519
700,700,4853,465
700,700,5096,693
700,700,6232,686
700,700,4839,467
700,700,4834,594
700,700,4891,660
700,700,4819,455
700,700,4763,517
700,700,4863,456
700,700,4751,464
700,700,6401,521
700,700,5642,503
700,700,5426,455
700,700,7000,459
700,700,4697,550
700,700,5050,678
700,700,4839,460
700,700,4736,485
700,700,4782,462
700,700,4751,468
700,700,6047,660
700,700,5833,521
700,700,4940,462
700,700,5955,528
700,700,4794,457
700,700,4796,459
700,700,5499,483
700,700,5332,680
700,700,4803,497
700,700,5663,510
700,700,4801,497
700,700,5623,687
700,700,4807,475
700,700,5331,710
700,700,4775,521
700,700,4826,464
700,700,5493,552
700,700,4818,492
700,700,5287,513
700,700,5645,465
700,700,4853,466
700,700,5849,588
700,700,4793,458
700,700,5502,461
700,700,4731,521
700,700,5407,522
700,700,5882,696
700,700,4723,529
700,700,4759,458
700,700,4785,463
700,700,4692,508
700,700,5907,464
700,700,5906,516
700,700,5331,873
700,700,4806,563
700,700,4848,580
700,700,6482,458
700,700,4843,525
700,700,4773,505
700,700,4829,464
700,700,4752,492
700,700,6033,505
700,700,5181,672
700,700,4756,469
700,700,6047,506
700,700,5919,496
700,700,4790,695
700,700,4761,530
700,700,4839,468
700,700,4794,461
700,700,5894,519
700,700,7176,692
700,700,5974,585
700,700,4894,629
700,700,5571,670
700,700,5782,665
700,700,4876,464
700,700,5756,522
700,700,5532,457
700,700,4748,492
700,700,5252,523
700,700,4930,466
700,700,4902,490
700,700,5219,545
700,700,5183,505
700,700,7738,653
700,700,8515,706
700,700,10388,709
700,700,4993,459
700,700,6032,463
700,700,4690,496
700,700,4786,469
700,700,5331,466
700,700,5355,653
700,700,4745,461
700,700,4724,465
700,700,6110,635
700,700,5001,534
700,700,4745,524
700,700,5813,462
700,700,4688,489
700,700,4808,463
700,700,4767,457
700,700,4791,457
700,700,7315,625
700,700,4829,477
700,700,4982,522
700,700,5077,549
700,700,7608,950
700,700,5139,685
700,700,6513,850
700,700,6013,476
700,700,4911,480
700,700,5688,647
700,700,8016,708
700,700,6099,702
700,700,5960,746
700,700,4816,512
700,700,8805,804
700,700,8810,687
700,700,9094,525
700,700,6916,778
700,700,5330,733
700,700,4799,538
700,700,4966,574
700,700,5801,578
700,700,5885,510
700,700,5481,515
700,700,5303,473
700,700,5918,690
700,700,6078,689
700,700,5260,487
700,700,5337,458
700,800,6199,679
700,800,7579,637
700,800,6274,1608
700,800,8383,1747
700,800,7376,853
700,800,9153,800
700,800,6714,500
700,800,7741,856
700,800,7814,1117
700,800,7150,1259
700,800,8699,644
700,800,5978,689
700,800,6956,674
700,800,6128,493
700,800,5724,507
700,800,5951,619
700,800,6187,633
700,800,7587,573
700,800,10007,606
700,800,11870,795
800,800,13466,808
800,800,11894,671
800,800,9731,493
800,800,9421,752
800,800,6823,560
800,800,6534,729
800,800,7774,642
800,800,6435,530
800,800,6502,497
800,800,7049,463
800,800,6313,491
800,800,6187,534
800,800,6807,470
800,800,6431,484
800,800,6152,523
800,800,6263,612
800,800,6149,551
800,800,6197,474
800,800,6160,471
800,800,6184,552
800,800,6532,466
800,800,6154,511
800,800,6163,471
800,800,6698,525
800,800,6278,466
800,800,6199,473
800,800,7355,522
800,800,7360,470
800,800,6304,471
800,800,7775,722
800,800,6188,491
800,800,6746,471
800,800,7308,692
800,800,6217,517
800,800,7451,465
800,800,6462,504
800,800,6195,544
800,800,6254,467
800,800,6314,539
800,800,6358,495
800,800,6393,468
800,800,6284,671
800,800,6598,471
800,800,7997,464
800,800,7923,528
800,800,7274,504
800,800,6694,591
800,800,6616,526
800,800,7660,707
800,800,7172,521
800,800,6646,472
800,800,7272,588
800,800,6581,463
800,800,6656,508
800,800,7843,478
800,800,6324,475
800,800,6716,519
800,800,7780,562
800,800,7291,657
800,800,8068,468
800,800,6225,537
800,800,6203,472
800,800,6304,469
800,800,6599,538
800,800,7326,641
800,800,6291,496
800,800,7917,469
800,800,6254,511
800,800,7447,466
800,800,8002,474
800,800,6894,528
800,800,6215,470
800,800,7020,542
800,800,7082,468
800,800,6192,533
800,800,6955,565
800,800,6211,467
800,800,6257,466
800,800,6402,540
800,800,6204,471
800,800,6188,583
800,800,6249,466
800,800,6522,579
800,800,6756,465
800,800,6832,496
800,800,6258,491
800,800,6233,567
800,800,6955,475
800,800,7706,536
800,800,8143,499
800,800,6429,501
800,800,17845,824
800,800,6797,742
800,800,6247,468
800,800,6234,532
800,800,7506,467
800,800,7400,464
800,800,6264,468
800,800,6876,494
800,800,6204,511
800,800,6697,589
800,800,6562,527
800,800,7671,705
800,800,6253,472
800,800,6115,504
800,800,7710,524
800,800,6886,555
800,800,6530,513
800,800,6206,465
800,800,6722,489
800,800,7468,763
800,800,7204,468
800,800,6957,687
800,800,7324,467
800,800,6560,501
800,800,6639,526
800,800,7035,543
800,800,6448,464
800,800,6133,496
800,800,6144,473
800,800,6300,463
800,800,7051,496
800,800,6639,473
800,800,6513,629
800,800,7234,470
800,800,7313,541
800,800,6113,705
800,800,6192,614
800,800,6122,538
800,800,6336,637
800,800,6240,517
800,800,7210,523
800,800,7497,467
800,800,6827,641
800,800,6225,463
800,800,7311,468
800,800,6966,707
800,800,6260,468
800,800,7522,531
800,800,7411,487
800,800,7932,470
800,800,9093,629
800,800,6375,466
800,800,7745,517
800,800,6297,494
800,800,7306,469
800,800,7173,525
800,800,6974,463
800,800,7586,470
800,800,7146,666
800,800,6188,468
800,800,6163,537
800,800,6330,643
800,800,6129,490
800,800,6758,713
800,800,6274,466
800,800,6184,547
800,800,7351,469
800,800,8774,468
800,800,6717,593
800,800,6339,463
800,800,6625,538
800,800,7122,472
800,800,6156,477
800,800,7301,703
800,800,6423,469
800,800,7965,704
800,800,7421,655
800,800,6180,474
800,800,6159,486
800,800,6246,472
800,800,6150,492
800,800,6188,468
800,800,7354,638
800,800,6756,647
800,800,7839,668
800,800,6164,467
800,800,6315,463
800,800,7342,493
800,800,6139,542
800,800,6677,598
800,800,6350,466
800,800,6352,532
800,800,6201,469
800,800,6959,533
800,800,8197,498
800,800,6674,491
800,800,10761,646
800,800,6893,463
800,800,11440,546
800,800,7825,721
800,800,6286,521
800,800,7598,633
800,800,7047,621
800,800,11060,521
800,800,10637,534
800,800,6479,613
800,800,10737,766
800,800,9902,610
800,800,13252,695
800,800,8106,593
800,800,8731,697
800,800,7857,841
800,800,7786,540
800,800,8988,797
800,800,10170,578
800,800,10793,644
800,800,10489,467
800,800,11154,670
800,800,11840,612
800,800,7677,511
800,800,6424,476
800,800,7216,692
800,800,6762,482
800,800,9499,511
800,800,7657,509
800,800,7011,697
800,800,11731,732
800,800,8636,465
900,800,9815,708
900,800,8434,465
900,800,11129,600
900,800,10729,772
900,800,8823,658
900,800,7636,465
900,800,9984,862
900,800,10625,649
900,800,8037,701
900,800,7231,563
900,800,7627,466
900,800,8531,500
900,800,10864,842
900,800,6923,539
900,800,8432,534
900,800,11146,586
900,800,7611,556
900,800,8924,509
900,800,7726,514
900,900,11231,794
900,900,8669,488
900,900,9720,531
900,900,9694,791
900,900,10215,902
900,900,8379,553
900,900,9959,567
900,900,9596,528
900,900,8078,517
900,900,9410,562
900,900,8923,597
900,900,9965,691
900,900,10473,520
900,900,8220,471
900,900,8331,780
900,900,9940,486
900,900,9034,522
900,900,8166,546
900,900,8248,476
900,900,8283,475
900,900,8215,531
900,900,10028,539
900,900,7940,686
900,900,9768,492
900,900,10430,527
900,900,8717,475
900,900,9284,475
900,900,9490,714
900,900,9137,494
900,900,8990,536
900,900,7962,476
900,900,9629,522
900,900,10404,500
900,900,7872,521
900,900,9083,521
900,900,8622,470
900,900,11015,652
900,900,8173,532
900,900,8601,595
900,900,9364,688
900,900,8918,530
900,900,7774,609
900,900,8632,549
900,900,9214,501
900,900,8544,473
900,900,7863,480
900,900,8107,543
900,900,8562,518
900,900,7945,466
900,900,7902,489
900,900,7868,575
900,900,8208,475
900,900,10283,605
900,900,7955,545
900,900,8916,736
900,900,7905,472
900,900,8807,658
900,900,10924,480
900,900,8973,688
900,900,8657,475
900,900,7786,541
900,900,7916,699
900,900,9014,475
900,900,11384,628
900,900,8671,477
900,900,8119,700
900,900,9449,550
900,900,10832,705
900,900,8736,534
900,900,7887,468
900,900,10262,473
900,900,8845,534
900,900,8624,474
900,900,8458,555
900,900,8348,508
900,900,10185,548
900,900,8278,645
900,900,9796,477
900,900,8369,518
900,900,9405,520
900,900,11767,469
900,900,8692,543
900,900,10885,477
900,900,10716,700
900,900,8260,546
900,900,9514,496
900,900,7919,479
900,900,8347,545
900,900,8780,471
900,900,9646,541
900,900,7944,481
900,900,8883,629
900,900,10169,554
900,900,8027,468
900,900,7905,532
900,900,8090,475
900,900,7869,546
900,900,7944,474
900,900,8484,644
900,900,8730,477
900,900,7896,472
900,900,8967,483
900,900,7886,718
900,900,9234,531
900,900,8923,692
900,900,8047,477
900,900,7839,532
900,900,7984,487
900,900,8775,469
900,900,7796,544
900,900,8007,477
900,900,8994,510
900,900,9065,770
900,900,9118,757
900,900,9242,737
900,900,8637,538
900,900,7954,474
900,900,9653,658
900,900,8733,478
900,900,7892,543
900,900,8615,469
900,900,7911,468
900,900,10912,550
900,900,8498,549
900,900,8961,656
900,900,9067,519
900,900,9229,543
900,900,7943,479
900,900,8642,546
900,900,7949,651
900,900,8892,536
900,900,7853,477
900,900,9568,531
900,900,9042,537
900,900,10869,486
900,900,8768,475
900,900,9086,708
900,900,9496,545
900,900,8115,514
900,900,8326,728
900,900,8855,546
900,900,9042,533
900,900,8646,476
900,900,8589,558
900,900,7759,468
900,900,9040,472
900,900,8496,519
900,900,8640,474
900,900,10663,551
900,900,7859,549
900,900,10139,473
900,900,9984,603
900,900,7945,567
900,900,8457,473
900,900,9177,526
900,900,8438,643
900,900,7883,474
900,900,7827,520
900,900,9265,758
900,900,9909,552
900,900,10309,530
900,900,7950,466
900,900,9190,470
900,900,8332,648
900,900,7827,541
900,900,7887,565
900,900,9430,561
900,900,9176,486
900,900,10592,521
900,900,9294,622
900,900,8991,640
900,900,8159,472
900,900,8063,545
900,900,9290,688
900,900,9005,530
900,900,8782,509
900,900,9812,526
900,900,9617,471
900,900,7953,476
900,900,8001,534
900,900,9332,469
900,900,7910,538
900,900,8998,653
900,900,9137,538
900,900,8468,470
900,900,9117,642
900,900,7879,480
900,900,8891,469
900,900,7819,546
900,900,8515,470
900,900,11045,501
900,900,7915,501
900,900,7917,475
900,900,9138,597
900,900,8994,535
900,900,7990,476
900,900,8683,476
900,900,10137,548
900,900,8096,489
900,900,9897,544
900,900,8962,546
900,900,8596,473
900,900,9092,569
900,900,7812,474
900,900,7898,484
900,900,7877,545
900,900,9175,630
900,900,7925,472
900,900,7789,527
900,900,8755,473
900,900,9351,574
900,900,7878,475
900,900,8218,691
900,900,10155,695
900,900,7817,470
900,900,7816,525
900,900,7870,620
900,900,8086,764
900,900,8532,479
900,900,7975,467
900,900,8868,537
900,900,8917,469
900,900,8049,708
900,900,8599,516
900,900,11466,590
900,900,8223,501
900,900,8914,548
900,900,10179,474
900,900,9334,526
900,900,7964,517
900,900,7895,529
900,900,8393,557
900,900,9440,467
900,900,8275,602
900,900,11497,632
900,900,8799,485
900,900,9774,471
900,900,11999,766
900,900,11237,720
900,900,9613,490
900,900,8441,475
900,900,10438,535
900,900,12133,1148
900,900,9107,602
900,900,10743,892
900,900,10459,687
900,900,15575,718
900,900,14550,472
900,900,12180,486
900,900,12219,616
900,1000,15436,767
900,1000,15555,692
900,1000,11832,512
900,1000,13941,686
900,1000,11314,736
900,1000,11806,539
900,1000,9618,543
900,1000,10447,759
900,1000,9775,838
900,1000,9939,655
900,1000,9342,475
900,1000,13000,574
900,1000,10282,490
900,1000,9529,512
900,1000,11129,1500
900,1000,9640,513
900,1000,10050,480
900,1000,11748,578
900,1000,9295,573
900,1000,9341,635
900,1000,9301,491
900,1000,12220,475
900,1000,10533,572
900,1000,15802,625
900,1000,12123,719
1000,1000,17114,779
1000,1000,11362,1013
1000,1000,12095,738
1000,1000,12080,772
1000,1000,11632,723
1000,1000,11223,560
1000,1000,10263,669
1000,1000,10995,494
1000,1000,9686,529
1000,1000,10991,687
1000,1000,9895,474
1000,1000,10149,552
1000,1000,12354,476
1000,1000,10257,642
1000,1000,9677,505
1000,1000,9572,536
1000,1000,10871,540
1000,1000,10030,504
1000,1000,10962,475
1000,1000,9676,587
1000,1000,10595,509
1000,1000,11547,542
1000,1000,12717,551
1000,1000,10755,577
1000,1000,10753,660
1000,1000,11592,506
1000,1000,9624,528
1000,1000,17147,727
1000,1000,16155,803
1000,1000,16587,779
1000,1000,12595,664
1000,1000,11305,474
1000,1000,10725,475
1000,1000,11442,583
1000,1000,9720,523
1000,1000,10758,477
1000,1000,9799,539
1000,1000,14810,684
1000,1000,9714,482
1000,1000,11810,665
1000,1000,13551,476
1000,1000,10652,546
1000,1000,11123,514
1000,1000,10245,656
1000,1000,11166,534
1000,1000,9731,492
1000,1000,12158,482
1000,1000,10699,508
1000,1000,9653,525
1000,1000,9676,482
1000,1000,9727,488
1000,1000,9700,521
1000,1000,10083,482
1000,1000,10929,481
1000,1000,9759,496
1000,1000,9982,561
1000,1000,11146,573
1000,1000,10314,596
1000,1000,10853,523
1000,1000,11295,538
1000,1000,10072,475
1000,1000,11233,534
1000,1000,10753,536
1000,1000,10649,532
1000,1000,11069,669
1000,1000,10783,596
1000,1000,10914,535
1000,1000,10222,482
1000,1000,9811,535
1000,1000,10628,556
1000,1000,12541,498
1000,1000,10407,540
1000,1000,9851,474
1000,1000,10032,535
1000,1000,12994,668
1000,1000,10023,474
1000,1000,10112,547
1000,1000,10502,482
1000,1000,10940,560
1000,1000,13290,704
1000,1000,10731,540
1000,1000,11047,482
1000,1000,12022,481
1000,1000,10051,634
1000,1000,9794,482
1000,1000,11355,625
1000,1000,9772,565
1000,1000,9933,534
1000,1000,9957,612
1000,1000,10166,544
1000,1000,12477,482
1000,1000,9714,555
1000,1000,11005,477
1000,1000,9782,506
1000,1000,9852,537
1000,1000,9706,480
1000,1000,9747,544
1000,1000,10287,523
1000,1000,9788,565
1000,1000,9810,621
1000,1000,9803,473
1000,1000,10758,606
1000,1000,9725,521
1000,1000,9721,482
1000,1000,10304,541
1000,1000,11013,475
1000,1000,10336,548
1000,1000,11218,481
1000,1000,9653,539
1000,1000,10319,549
1000,1000,12014,880
1000,1000,11506,535
1000,1000,9734,477
1000,1000,12249,638
1000,1000,11501,681
1000,1000,12720,479
1000,1000,9666,472
1000,1000,10214,540
1000,1000,11687,482
1000,1000,11614,693
1000,1000,11659,475
1000,1000,9746,484
1000,1000,9662,539
1000,1000,10516,482
1000,1000,13628,617
1000,1000,11076,482
1000,1000,10662,475
1000,1000,10613,567
1000,1000,10523,527
1000,1000,12018,507
1000,1000,10398,520
1000,1000,10273,485
1000,1000,12127,687
1000,1000,10198,685
1000,1000,12440,482
1000,1000,9710,555
1000,1000,10258,483
1000,1000,10002,474
1000,1000,10005,531
1000,1000,11445,710
1000,1000,10538,707
1000,1000,10595,546
1000,1000,10763,476
1000,1000,13026,507
1000,1000,9669,554
1000,1000,10757,482
1000,1000,10785,487
1000,1000,10529,603
1000,1000,10063,671
1000,1000,11208,600
1000,1000,9863,483
1000,1000,10872,518
1000,1000,10982,562
1000,1000,12409,478
1000,1000,11047,539
1000,1000,10908,484
1000,1000,10980,558
1000,1000,11421,484
1000,1000,10788,536
1000,1000,10049,482
1000,1000,9749,532
1000,1000,11884,512
1000,1000,9938,696
1000,1000,10738,476
1000,1000,9994,522
1000,1000,11780,501
1000,1000,10989,539
1000,1000,9823,497
1000,1000,10005,471
1000,1000,10233,537
1000,1000,9761,563
1000,1000,9737,483
1000,1000,10236,727
1000,1000,9739,484
1000,1000,10247,698
1000,1000,13371,479
1000,1000,11424,598
1000,1000,9652,538
1000,1000,10350,489
1000,1000,11553,550
1000,1000,10651,475
1000,1000,9712,476
1000,1000,12119,692
1000,1000,9575,523
1000,1000,10466,477
1000,1000,10713,537
1000,1000,9634,486
1000,1000,9649,787
1000,1000,10875,485
1000,1000,10585,554
1000,1000,9625,536
1000,1000,10097,473
1000,1000,10731,540
1000,1000,10533,527
1000,1000,14062,473
1000,1000,11263,650
1000,1000,9693,475
1000,1000,9638,604
1000,1000,10247,778
1000,1000,9798,480
1000,1000,9663,566
1000,1000,10450,657
1000,1000,12362,810
1000,1000,11773,550
1000,1000,10192,481
1000,1000,11331,707
1000,1000,11208,479
1000,1000,10489,578
1000,1000,12116,474
1000,1000,10359,535
1000,1000,11096,610
1000,1000,9797,473
1000,1000,9754,531
1000,1000,9728,473
1000,1000,10742,540
1000,1000,9613,473
1000,1000,9628,497
1000,1000,9908,752
1000,1000,10010,513
1000,1000,10735,696
1000,1000,11036,733
1000,1000,10226,611
1000,1000,12205,705
1000,1000,11858,476
1000,1000,10180,541
1000,1000,10452,661
1000,1000,9676,480
1000,1000,10320,993
1000,1000,9657,476
1000,1000,9656,476
1000,1000,9578,540
1000,1000,10339,482
1000,1000,9693,543
1000,1000,10603,482
1000,1000,10236,523
1000,1000,10890,475
1000,1000,10443,596
1000,1000,10283,588
1000,1000,9740,478
1000,1000,9890,699
1000,1000,9940,637
1000,1000,9714,482
1000,1000,10881,585
1000,1000,10506,511
1000,1000,9627,481
1000,1000,10192,673
1000,1000,10008,499
1000,1000,12291,522
1000,1000,9728,541
1000,1000,10788,710
1000,1000,10891,728
1000,1000,9970,508
1000,1000,11670,476
1000,1000,12431,471
1000,1000,9644,507
1000,1000,10636,614
1000,1000,13246,554
1000,1000,13529,493
1000,1000,10101,548
1000,1000,11213,490
1000,1000,10713,801
1000,1000,10551,689
1000,1000,10855,511
1000,1000,9773,540
1000,1000,9881,474
1000,1000,11882,695
1000,1000,9827,517
1000,1000,11009,522
1000,1000,9859,612
1000,1000,11599,531
1000,1000,12547,478
1000,1000,9771,548
1000,1000,10599,483
1000,1000,9993,710
1000,1000,11244,673
1000,1000,12930,742
1000,1000,10722,667
1000,1000,11430,475
1000,1000,12878,473
1000,1000,9753,546
1000,1000,10354,509
1000,1000,10090,539
1000,1000,9787,476
1000,1000,10548,642
1000,1000,9967,481
1000,1000,12316,519
1000,1000,11301,484
1000,1000,10720,710
1000,1000,9732,473
1000,1000,9711,474
1000,1000,10665,744
1000,1000,9699,478
1000,1000,11357,651
1000,1000,10006,602
1000,1000,10474,666
1000,1000,9753,491
1000,1000,10777,483
1000,1000,12613,490
1000,1000,11711,679
1000,1000,10675,476
1000,1000,9611,498
1000,1000,9599,523
1000,1000,9809,674
1000,1000,9816,502
1000,1000,11996,509
1000,1000,9610,470
1000,1000,9597,493
1000,1000,9786,492
1000,1000,11984,480
1000,1000,9599,542
1000,1000,12963,602
1000,1000,10464,488
1000,1000,10329,686
1000,1000,10955,479
1000,1000,10415,474
1000,1000,14244,538
1000,1000,11645,476
1000,1000,9823,533
1000,1000,11654,683
1000,1000,10652,478
1000,1000,9711,525
1000,1000,10422,723
1000,1000,10441,600
1000,1000,9929,555
1000,1000,9807,472
1000,1000,11054,552
1000,1000,12140,539
1000,1000,10338,513
1000,1000,10510,487
1000,1000,10487,481
1000,1000,11250,539
1000,1000,9711,500
1000,1000,10598,571
1000,1000,11317,544
1000,1000,10493,485
1000,1000,9705,632
1000,1000,11934,749
1000,1000,10554,684
1000,1000,11172,711
1000,1000,11167,694
1000,1000,12305,697
1000,1000,9624,526
1000,1000,10981,479
1000,1000,13205,712
1000,1000,12397,824
1000,1000,12842,494
1000,1000,10481,514
1000,1000,10439,476
1000,1000,10615,562
1000,1000,10969,479
1000,1000,9796,516
1000,1000,9806,480
1000,1000,11467,473
1000,1000,10959,544
1000,1000,12128,472
1000,1000,10453,640
1000,1000,11846,737
1000,1000,10362,615
1000,1000,9933,501
1000,1000,10840,535
1000,1000,10380,472
1000,1000,10691,535
1000,1000,11894,533
1000,1000,12436,478
1000,1000,10331,524
1000,1000,12102,476
1000,1000,10425,480
1000,1000,10573,476
1000,1000,11068,645
1000,1000,9776,477
1000,1000,12365,681
1000,1000,9706,479
1000,1000,11457,539
1000,1000,9850,480
1000,1000,11135,652
1000,1000,12039,582
1000,1000,10724,474
1000,1000,13808,638
1000,1000,10449,473
1000,1000,13105,477
1000,1000,9810,531
1000,1000,9719,479
1000,1000,11659,596
1000,1000,9843,488
1000,1000,11110,479
1000,1000,10066,550
1000,1000,10367,477
1000,1000,10607,560
1000,1000,10196,708
1000,1000,11621,493
1000,1000,9750,477
1000,1000,9982,544
1000,1000,10668,474
1000,1000,10970,661
1000,1000,10411,530
1000,1000,10905,490
1000,1000,10376,478
1000,1000,11600,509
1000,1000,10817,738
1000,1000,10663,
